"IP","Domain","Country","Region","City","ISP","ASN","Lat","Long"
"1.34.0.0","1-34-0-0.hinet-ip.hinet.net","China","Jiangsu","Taiwan","Data Communication Business Group","3462","32.3279","118.7675"
"1.160.0.0","1-160-0-0.dynamic-ip.hinet.net","Taiwan","New Taipei","New Taipei","Data Communication Business Group","3462","24.9466","121.586"
"1.200.0.0","","Taiwan","Taipei City","Taipei","Taiwan Star Telecom Corporation Limited.Former Vibo Telecom Inc.","24157","25.0504","121.5324"
"2.58.240.0","","United States","California","Los Angeles","HostingInside LTD.","9678","34.0485","-118.2529"
"5.153.23.160","a0.17.9905.ip4.static.sl-reverse.com","Netherlands","North Holland","Amsterdam","SOFTLAYER","36351","52.3759","4.8975"
"5.153.39.0","0.27.9905.ip4.static.sl-reverse.com","Netherlands","North Holland","Amsterdam","SOFTLAYER","36351","52.3759","4.8975"
"5.153.51.224","e0.33.9905.ip4.static.sl-reverse.com","Netherlands","North Holland","Amsterdam","SOFTLAYER","36351","52.3759","4.8975"
"23.247.4.0","23.247.4.0.static.layerhost.com","United States","","","LAYER-HOST","46573","37.751","-97.822"
"23.247.10.96","","United States","","","LAYER-HOST","46573","37.751","-97.822"
"23.247.25.128","zilla.sloteps.com","United States","","","LAYER-HOST","46573","37.751","-97.822"
"23.247.45.224","","United States","","","LAYER-HOST","46573","37.751","-97.822"
"23.247.86.64","","United States","","","LAYER-HOST","46573","37.751","-97.822"
"23.247.86.192","","United States","","","LAYER-HOST","46573","37.751","-97.822"
"27.0.152.0","","Taiwan","","","Digidom CableTV Co., LTD.","131607","24","121"
"27.51.0.0","27-51-0-0.adsl.fetnet.net","Taiwan","New Taipei","","Far EastTone Telecommunication Co., Ltd.","9674","25.0355","121.5232"
"27.52.0.0","27-52-0-0.adsl.fetnet.net","Taiwan","Taoyuan","Taoyuan District","Far EastTone Telecommunication Co., Ltd.","9674","24.9889","121.3176"
"27.96.224.0","27-96-224-0.veetime.com","Taiwan","Taichung City","Taichung","VEE TIME CORP.","17809","24.144","120.6844"
"27.100.64.0","0-64-100-27.tinp.net.tw","Taiwan","","","Taiwan Infrastructure Network Technologie","18049","24","121"
"27.105.0.0","27-105-0-0-adsl-TPE.dynamic.so-net.net.tw","Taiwan","Tainan","Beihua","Sony Network Taiwan Limited","18182","22.9692","120.3428"
"27.147.0.0","","Taiwan","New Taipei","New Taipei","Extra-Lan Technologies Co., LTD","18429","24.9466","121.586"
"27.240.0.0","27-240-0-0.adsl.fetnet.net","Taiwan","","","Far EastTone Telecommunication Co., Ltd.","9674","24","121"
"36.224.0.0","36-224-0-0.dynamic-ip.hinet.net","Taiwan","New Taipei","New Taipei","Data Communication Business Group","3462","24.9466","121.586"
"37.58.89.136","88.59.3a25.ip4.static.sl-reverse.com","Netherlands","North Holland","Amsterdam","SOFTLAYER","36351","52.3759","4.8975"
"37.252.243.0","","Taiwan","Taipei City","Taipei","ANEXIA Internetdienstleistungs GmbH","42473","25.0504","121.5324"
"39.1.0.0","39-1-0-0-adsl-KHH.dynamic.so-net.net.tw","Taiwan","","","Sony Network Taiwan Limited","18182","24","121"
"39.8.0.0","39-8-0-0.adsl.fetnet.net","Taiwan","New Taipei","New Taipei","Far EastTone Telecommunication Co., Ltd.","9674","24.9466","121.586"
"42.0.64.0","","Taiwan","Kaohsiung","Kaohsiung City","Digital United Inc.","4780","22.6148","120.3139"
"42.64.0.0","42-64-0-0.emome-ip.hinet.net","Taiwan","","","","","24","121"
"43.224.20.0","","Taiwan","","","Kaopu Cloud HK Limited","138915","24","121"
"43.224.248.0","","Taiwan","","","Cloudie Limited","55933","24","121"
"43.226.232.0","","Taiwan","","","TNET Communication Inc. 10F., No.78, Sec. 2, Chongxin Rd., Sanchong Dist.,New Taipei City, T","38851","24","121"
"43.227.24.0","","Taiwan","","","TNET Communication Inc. 10F., No.78, Sec. 2, Chongxin Rd., Sanchong Dist.,New Taipei City, T","38851","24","121"
"43.240.24.0","","Taiwan","","","Taiwan Fixed Network, Telco and Network Service Provider.","9924","24","121"
"43.240.44.0","","Taiwan","","","","","24","121"
"43.240.104.0","","Taiwan","","","Asia Pacific Telecom","17709","24","121"
"43.240.108.0","","Taiwan","","","","","24","121"
"43.240.152.0","","Taiwan","","","Taiwan Infrastructure Network Technologie","18049","24","121"
"43.241.32.0","","Taiwan","","","TRIUMPH DYNASTY Limited","133747","24","121"
"43.241.160.0","","Taiwan","","","Taiwan Infrastructure Network Technologie","18049","24","121"
"43.243.252.0","","Taiwan","","","Taiwan Infrastructure Network Technologie","18049","24","121"
"43.246.188.0","","Taiwan","","","","","24","121"
"43.246.216.0","","Taiwan","","","Magna Hosting Ltd","141742","24","121"
"43.248.16.0","","Taiwan","Taipei City","Taipei","DongFong Technology Co. Ltd.","18046","25.0504","121.5324"
"43.250.44.0","","Taiwan","","","TNET Communication Inc. 10F., No.78, Sec. 2, Chongxin Rd., Sanchong Dist.,New Taipei City, T","38851","24","121"
"43.251.56.0","","Taiwan","","","","","24","121"
"43.251.60.0","","Taiwan","","","PEGATRON","131593","24","121"
"43.254.16.0","43-254-16-0.static.ip.net.tw","Taiwan","","","Yuan-Jhen Info., Co., Ltd","131149","24","121"
"43.254.60.0","","Taiwan","","","3rd Floor, Kings Court 1, Chino Roces Avenue","59243","24","121"
"43.255.12.0","","Taiwan","","","Taiwan Intelligent Fiber Optic Network Co.,Ltd.","131584","24","121"
"43.255.88.0","","Taiwan","","","Taiwan Star Telecom Corporation Limited.Former Vibo Telecom Inc.","24157","24","121"
"43.255.92.0","","Taiwan","","","","","24","121"
"43.255.180.0","","Taiwan","","","Taiwan Star Telecom Corporation Limited.Former Vibo Telecom Inc.","24157","24","121"
"45.64.28.0","","Taiwan","","","kbro CO. Ltd.","38841","24","121"
"45.64.32.0","","Taiwan","","","UNION BROADBAND NETWORK","24164","24","121"
"45.64.74.0","","Taiwan","","","Cloudie Limited","55933","24","121"
"45.64.228.0","","India","Maharashtra","Mumbai","Peicity Digital Cable Television., LTD","131627","19.0748","72.8856"
"45.64.232.0","","India","Maharashtra","Mumbai","Extra-Lan Technologies Co., LTD","18429","19.0748","72.8856"
"45.113.156.0","","Taiwan","Taichung City","Taichung","New Changhua Digital Cable TV CO,.Ltd","131597","24.144","120.6844"
"45.121.48.0","","Taiwan","","","EMGINECONCEPT-01","31972","24","121"
"45.123.116.0","","Turkey","Bursa","Bursa","Serverfield Co., Ltd.","134094","40.1984","29.0528"
"49.128.64.0","","Taiwan","","","QLINKS","59268","24","121"
"49.128.112.0","","Taiwan","","","EASPNET Inc.","10135","24","121"
"49.158.0.0","49-158-0-0.dynamic.elinx.com.tw","Taiwan","New Taipei","New Taipei","UNION BROADBAND NETWORK","24164","24.9466","121.586"
"49.213.128.0","0-128-213-49.tinp.net.tw","Taiwan","Taichung City","Taichung City","Taiwan Infrastructure Network Technologie","18049","24.1547","120.6716"
"49.214.0.0","","Taiwan","","","Taiwan Fixed Network, Telco and Network Service Provider.","9924","24","121"
"49.216.0.0","","Taiwan","Taipei City","Taipei","Taiwan Mobile Co., Ltd.","24158","25.0504","121.5324"
"58.86.0.0","","Taiwan","","","Koos Broadband Telecom","18042","24","121"
"58.99.0.0","","Taiwan","","","Taiwan Infrastructure Network Technologie","18049","24","121"
"58.99.64.0","0-64-99-58.tinp.net.tw","Taiwan","","","Taiwan Infrastructure Network Technologie","18049","24","121"
"58.114.0.0","host-58-114-0-0.dynamic.kbtelecom.net","Taiwan","New Taipei","New Taipei","Hoshin Multimedia Center Inc.","9416","24.9466","121.586"
"59.102.128.0","","Taiwan","Taoyuan","Taoyuan District","TBC","131596","24.9889","121.3176"
"59.104.0.0","","Taiwan","","","Digital United Inc.","4780","24","121"
"59.112.0.0","59-112-0-0.dynamic-ip.hinet.net","Taiwan","","","Data Communication Business Group","3462","24","121"
"59.120.0.0","59-120-0-0.hinet-ip.hinet.net","Taiwan","New Taipei","New Taipei","Data Communication Business Group","3462","24.9466","121.586"
"59.124.0.0","59-124-0-0.hinet-ip.hinet.net","Taiwan","Taipei City","Taipei","Data Communication Business Group","3462","25.0504","121.5324"
"60.198.0.0","60-198-0-0.dynamic.tfn.net.tw","Taiwan","","","Taiwan Fixed Network, Telco and Network Service Provider.","9924","24","121"
"60.199.0.0","","Taiwan","","","Taiwan Fixed Network, Telco and Network Service Provider.","9924","24","121"
"60.244.0.0","","Taiwan","","","Asia Pacific On-line Service Inc.","7482","24","121"
"60.244.32.0","","Taiwan","","","Asia Pacific On-line Service Inc.","7482","24","121"
"60.244.64.0","","Taiwan","Kaohsiung","Kaohsiung City","Asia Pacific Broadband Fixed Lines Co., Ltd.","24154","22.6148","120.3139"
"60.244.128.0","","Taiwan","Changhua","Chang-hua","Asia Pacific On-line Service Inc.","7482","24.0759","120.5657"
"60.245.0.0","0-0-245-60.savecom.net.tw","Taiwan","Taoyuan","Taoyuan District","SaveCom Internation Inc.","9676","24.9889","121.3176"
"60.245.64.0","","Taiwan","","","New Century InfoComm Tech Co., Ltd.","9919","24","121"
"60.245.96.0","","Taiwan","Tainan","Tainan City","Digital United Inc.","4780","22.9917","120.2148"
"60.248.0.0","60-248-0-0.hinet-ip.hinet.net","Taiwan","New Taipei","New Taipei","Data Communication Business Group","3462","24.9466","121.586"
"60.249.0.0","60-249-0-0.hinet-ip.hinet.net","Taiwan","Taipei City","Taipei","Data Communication Business Group","3462","25.0504","121.5324"
"60.250.0.0","60-250-0-0.hinet-ip.hinet.net","Taiwan","Taipei City","Taipei","Data Communication Business Group","3462","25.0504","121.5324"
"61.20.0.0","61-20-0-0.adsl.fetnet.net","Taiwan","","","Far EastTone Telecommunication Co., Ltd.","9674","24","121"
"61.30.0.0","","Taiwan","","","Taiwan Fixed Network, Telco and Network Service Provider.","9924","24","121"
"61.31.0.0","","Taiwan","","","Taiwan Fixed Network, Telco and Network Service Provider.","9924","24","121"
"61.56.0.0","","Taiwan","","","National Center for Research on Earthquake Engineering","18183","24","121"
"61.64.0.0","","Taiwan","New Taipei","New Taipei","GCNet Reach & Range Inc.","4662","24.9466","121.586"
"61.70.0.0","host-61-70-0-0.static.kbtelecom.net","Taiwan","Taoyuan","Taoyuan District","Hoshin Multimedia Center Inc.","9416","24.9889","121.3176"
"61.70.128.0","host-61-70-128-0.static.kbtelecom.net","Taiwan","Tainan","Tainan City","Hoshin Multimedia Center Inc.","9416","22.9917","120.2148"
"61.71.0.0","host-61-71-0-0.static.kbtelecom.net","Taiwan","","","Hoshin Multimedia Center Inc.","9416","24","121"
"61.71.128.0","host-61-71-128-0.static.kbtelecom.net","Taiwan","","","Hoshin Multimedia Center Inc.","9416","24","121"
"61.216.0.0","61-216-0-0.hinet-ip.hinet.net","Taiwan","Taipei City","Taipei","Data Communication Business Group","3462","25.0504","121.5324"
"61.217.0.0","61-217-0-0.dynamic-ip.hinet.net","Taiwan","","","Data Communication Business Group","3462","24","121"
"61.218.0.0","61-218-0-0.hinet-ip.hinet.net","Taiwan","Nantou","Baxian","Data Communication Business Group","3462","23.8813","120.7701"
"IP","Domain","Country","Region","City","ISP","ASN","Lat","Long"
"203.187.0.0","host-203-187-0-0.ip.kbtelecom.net","Taiwan","","","Hoshin Multimedia Center Inc.","9416","24","121"
"203.187.32.0","host-203-187-32-0.ip.kbtelecom.net","Taiwan","","","Hoshin Multimedia Center Inc.","9416","24","121"
"203.187.64.0","host-203-187-64-0.ip.kbtelecom.net","Taiwan","","","Hoshin Multimedia Center Inc.","9416","24","121"
"203.188.192.0","unknown.yahoo.com","Taiwan","Taoyuan","Taoyuan City","YAHOO! TAIWAN HOLDINGS LIMITED, TAIWAN BRANCH","24506","24.9977","121.2965"
"203.190.16.0","","Taiwan","Kaohsiung","Kaohsiung City","New Kaohsiung Broadband LTD.","9922","22.6148","120.3139"
"203.201.32.0","","Taiwan","","","Asia Pacific Broadband Wireless Communications Inc","24155","24","121"
"203.203.0.0","host-203-203-0-0.dynamic.kbtelecom.net","Taiwan","","","Hoshin Multimedia Center Inc.","9416","24","121"
"203.203.128.0","host-203-203-128-0.dynamic.kbtelecom.net","Taiwan","","","Hoshin Multimedia Center Inc.","9416","24","121"
"203.204.0.0","host-203-204-0-0.static.kbtelecom.net","Taiwan","Keelung","Keelung","Hoshin Multimedia Center Inc.","9416","25.1322","121.742"
"203.204.128.0","host-203-204-128-0.static.kbtelecom.net","Taiwan","Tainan","Tainan City","Hoshin Multimedia Center Inc.","9416","22.9917","120.2148"
"203.207.0.0","","Taiwan","","","","","24","121"
"203.207.32.0","","Taiwan","","","Asia Pacific Broadband Wireless Communications Inc","24155","24","121"
"203.211.0.0","","Taiwan","","","Taiwan Fixed Network, Telco and Network Service Provider.","9924","24","121"
"203.217.96.0","203-217-96-0.veetime.com","Taiwan","Taichung City","Taichung","VEE TIME CORP.","17809","24.144","120.6844"
"203.222.0.0","203-222-0-0.veetime.com","Taiwan","Taichung City","Taichung","VEE TIME CORP.","17809","24.144","120.6844"
"203.222.16.0","203-222-16-0.veetime.com","Taiwan","Taichung City","Taichung","VEE TIME CORP.","17809","24.144","120.6844"
"210.17.0.0","","Taiwan","","","Taiwan Fixed Network, Telco and Network Service Provider.","9924","24","121"
"210.58.0.0","","Taiwan","","","Asia Pacific On-line Service Inc.","7482","24","121"
"210.58.128.0","","Taiwan","","","Peicity Digital Cable Television., LTD","131627","24","121"
"210.59.0.0","","Taiwan","New Taipei","New Taipei","Taiwan Academic Network TANet Information Center","1659","24.9466","121.586"
"210.60.0.0","","Taiwan","","","Taiwan Academic Network TANet Information Center","1659","24","121"
"210.64.0.0","h0-210-64-0.seed.net.tw","Taiwan","New Taipei","New Taipei","Digital United Inc.","4780","24.9466","121.586"
"210.68.0.0","","Taiwan","","","Digital United Inc.","4780","24","121"
"210.80.64.0","","Taiwan","","","UUNET","703","24","121"
"210.80.80.0","","Taiwan","","","UUNET","703","24","121"
"210.85.0.0","","Taiwan","","","Asia Pacific On-line Service Inc.","7482","24","121"
"210.192.0.0","210-192-0-0.adsl.ttn.net","Taiwan","","","Taiwan Fixed Network, Telco and Network Service Provider.","9924","24","121"
"210.192.128.0","0.128.192.210.adsl.static.ttn.net","Taiwan","","","Taiwan Fixed Network, Telco and Network Service Provider.","9924","24","121"
"210.200.0.0","","Taiwan","","","Asia Pacific On-Line Service Inc.","131142","24","121"
"210.200.32.0","","Taiwan","","","National Center for High-performance Computing","7539","24","121"
"210.200.64.0","co-l-210-200-64-0.static.qma.com.tw","Taiwan","","","Asia Pacific On-Line Service Inc.","131142","24","121"
"210.200.96.0","","Taiwan","","","Asia Pacific On-line Service Inc.","7482","24","121"
"210.200.128.0","","Taiwan","","","HITRON TECHNOLOGY INC.","9311","24","121"
"210.200.160.0","","Taiwan","","","Asia Pacific On-line Service Inc.","7482","24","121"
"210.200.192.0","","Taiwan","","","Asia Pacific On-line Service Inc.","7482","24","121"
"210.201.0.0","","Taiwan","","","Asia Pacific On-line Service Inc.","7482","24","121"
"210.201.64.0","","Taiwan","Taichung City","Taichung","Asia Pacific On-line Service Inc.","7482","24.144","120.6844"
"210.201.128.0","","Taiwan","","","Asia Pacific On-line Service Inc.","7482","24","121"
"210.201.192.0","","Taiwan","","","Asia Pacific On-line Service Inc.","7482","24","121"
"210.201.208.0","","Taiwan","","","Asia Pacific On-line Service Inc.","7482","24","121"
"210.201.224.0","","Taiwan","","","Asia Pacific On-line Service Inc.","7482","24","121"
"210.202.0.0","","Taiwan","","","Asia Pacific Broadband Fixed Lines Co., Ltd.","24154","24","121"
"210.203.0.0","","Taiwan","","","Asia Pacific Telecom","17709","24","121"
"210.208.0.0","","Taiwan","","","Taiwan Network Access Point","7656","24","121"
"210.208.64.0","","Taiwan","","","Taiwan Network Access Point","7656","24","121"
"210.208.96.0","","Taiwan","New Taipei","New Taipei","Taiwan Fixed Network, Telco and Network Service Provider.","9924","24.9466","121.586"
"210.208.128.0","","Taiwan","","","Taiwan Network Access Point","7656","24","121"
"210.208.192.0","","Taiwan","","","Taiwan Fixed Network, Telco and Network Service Provider.","9924","24","121"
"210.209.0.0","","Taiwan","","","Taiwan Network Access Point","7656","24","121"
"210.209.128.0","210-209-128-0.veetime.com","Taiwan","Taichung City","Taichung","VEE TIME CORP.","17809","24.144","120.6844"
"210.209.144.0","210-209-144-0.veetime.com","Taiwan","Taichung City","Taichung","VEE TIME CORP.","17809","24.144","120.6844"
"210.209.160.0","210-209-160-0.veetime.com","Taiwan","Taichung City","Taichung","VEE TIME CORP.","17809","24.144","120.6844"
"210.209.192.0","210-209-192-0.veetime.com","Taiwan","Taichung City","Taichung City","VEE TIME CORP.","17809","24.1547","120.6716"
"210.211.24.0","visit.keznews.com","Taiwan","","","WELL-POWER Tech Corp","133158","24","121"
"210.240.0.0","","Taiwan","Taipei City","Taipei","Taiwan Academic Network TANet Information Center","1659","25.0504","121.5324"
"210.241.0.0","210-241-0-0.hinet-ip.hinet.net","Taiwan","","","Data Communication Business Group","4782","24","121"
"210.242.0.0","210-242-0-0.hinet-ip.hinet.net","Taiwan","Taipei City","Taipei","Data Communication Business Group","3462","25.0504","121.5324"
"210.244.0.0","","Taiwan","","","Digital United Inc.","4780","24","121"
"210.244.128.0","","Taiwan","","","","","24","121"
"211.20.0.0","211-20-0-0.hinet-ip.hinet.net","Taiwan","Taipei City","Taipei","Data Communication Business Group","3462","25.0504","121.5324"
"211.72.0.0","211-72-0-0.hinet-ip.hinet.net","Taiwan","New Taipei","New Taipei","Data Communication Business Group","3462","24.9466","121.586"
"211.76.0.0","","Taiwan","","","Mackay Telecommunication Inc.","7478","24","121"
"216.107.240.0","","Taiwan","","","NC Taiwan Co., Ltd.","142005","24","121"
"216.158.218.56","pointy.gladeast.eu","United States","Georgia","Atlanta","QUICKPACKET","46261","33.7485","-84.3871"
"216.244.77.120","120.216-244-77-rdns.serverstadium.com","United States","","","SERVERSTADIUM","27323","37.751","-97.822"
"216.244.80.128","","Canada","British Columbia","Vancouver","SERVERSTADIUM","27323","49.213","-123.0951"
"216.244.82.96","","Canada","British Columbia","Vancouver","SERVERSTADIUM","27323","49.213","-123.0951"
"216.244.90.192","","Canada","British Columbia","Vancouver","WOW","23033","49.213","-123.0951"
"218.32.0.0","","Taiwan","","","New Century InfoComm Tech Co., Ltd.","9919","24","121"
"218.34.0.0","","Taiwan","","","Asia Pacific On-line Service Inc.","7482","24","121"
"218.34.128.0","","Taiwan","","","Asia Pacific On-line Service Inc.","7482","24","121"
"218.35.0.0","","Taiwan","","","Asia Pacific On-line Service Inc.","7482","24","121"
"218.160.0.0","218-160-0-0.dynamic-ip.hinet.net","Taiwan","","","Data Communication Business Group","3462","24","121"
"218.164.0.0","218-164-0-0.dynamic-ip.hinet.net","Taiwan","Tainan","Tainan City","Data Communication Business Group","3462","22.9917","120.2148"
"218.166.0.0","218-166-0-0.dynamic-ip.hinet.net","Taiwan","Tainan","Tainan City","Data Communication Business Group","3462","22.9917","120.2148"
"218.168.0.0","218-168-0-0.dynamic-ip.hinet.net","Taiwan","","","Data Communication Business Group","3462","24","121"
"218.184.0.0","","Taiwan","","","Asia Pacific On-line Service Inc.","7482","24","121"
"218.187.0.0","","Taiwan","","","Asia Pacific On-line Service Inc.","7482","24","121"
"218.187.128.0","","Taiwan","Chiayi","Chiayi City","Asia Pacific On-line Service Inc.","7482","23.4815","120.4498"
"218.210.0.0","218.210.0.0.adsl.static.sparqnet.net","Taiwan","","","New Century InfoComm Tech Co., Ltd.","9919","24","121"
"219.68.0.0","host-219-68-0-0.static.kbtelecom.net","Taiwan","Kaohsiung","Kaohsiung City","Hoshin Multimedia Center Inc.","9416","22.6148","120.3139"
"219.68.128.0","host-219-68-128-0.dynamic.kbtelecom.net","Taiwan","Tainan","Tainan City","Hoshin Multimedia Center Inc.","9416","22.9917","120.2148"
"219.69.0.0","host-219-69-0-0.static.kbtelecom.net","Taiwan","","","Hoshin Multimedia Center Inc.","9416","24","121"
"219.70.0.0","219-70-0-0.twt1.com.tw","Taiwan","Kaohsiung","Kaohsiung City","Hoshin Multimedia Center Inc.","9416","22.6148","120.3139"
"219.80.0.0","","Taiwan","","","Taiwan Fixed Network, Telco and Network Service Provider.","9924","24","121"
"219.84.0.0","219-84-0-0-adsl-KHH.dynamic.so-net.net.tw","Taiwan","Taichung City","Taichung","Sony Network Taiwan Limited","18182","24.144","120.6844"
"219.86.0.0","219-86-0-0.dynamic.tfn.net.tw","Taiwan","Changhua","Chang-hua","New Changhua Digital Cable TV CO,.Ltd","131597","24.0759","120.5657"
"219.90.0.0","","Taiwan","","","UUNET","703","24","121"
"219.91.0.0","NK219-91-0-0.adsl.dynamic.apol.com.tw","Taiwan","Taipei City","Taipei","Peicity Digital Cable Television., LTD","131627","25.0504","121.5324"
"220.128.0.0","220-128-0-0.hinet-ip.hinet.net","Taiwan","","","","","24","121"
"220.128.64.0","220-128-64-0.twgate-ip.twgate.net","Taiwan","","","Taiwan Internet Gateway","10126","24","121"
"220.128.128.0","220-128-128-0.hinet-ip.hinet.net","Taiwan","New Taipei","New Taipei","Data Communication Business Group","3462","24.9466","121.586"
"220.129.0.0","220-129-0-0.dynamic-ip.hinet.net","Taiwan","New Taipei","New Taipei","Data Communication Business Group","3462","24.9466","121.586"
"220.130.0.0","220-130-0-0.hinet-ip.hinet.net","Taiwan","Taipei City","Taipei","Data Communication Business Group","3462","25.0504","121.5324"
"220.132.0.0","220-132-0-0.hinet-ip.hinet.net","Taiwan","Taipei City","Taipei","Data Communication Business Group","3462","25.0504","121.5324"
"220.136.0.0","220-136-0-0.dynamic-ip.hinet.net","Taiwan","Taipei City","Taipei","Data Communication Business Group","3462","25.0504","121.5324"
"220.157.112.0","","Taiwan","Kaohsiung","Kaohsiung City","Hoshin Multimedia Center Inc.","9416","22.6148","120.3139"
"220.158.228.0","","Taiwan","","","DongFong Technology Co. Ltd.","18046","24","121"
"220.228.0.0","","Taiwan","","","New Century InfoComm Tech Co., Ltd.","9919","24","121"
"221.120.0.0","221-120-0-0.emome-ip.hinet.net","Taiwan","","","","","24","121"
"IP","Domain","Country","Region","City","ISP","ASN","Lat","Long"
"221.120.64.0","221-120-64-0.emome-ip.hinet.net","Taiwan","","","","","24","121"
"221.169.0.0","221-169-0-0.static.seed.net.tw","Taiwan","","","Digital United Inc.","4780","24","121"
"222.156.0.0","","Taiwan","","","Asia Pacific On-line Service Inc.","7482","24","121"
"222.157.0.0","","Taiwan","","","Asia Pacific On-line Service Inc.","7482","24","121"
"222.250.0.0","","Taiwan","","","Asia Pacific Telecom","17709","24","121"
"222.251.0.0","","Taiwan","","","Asia Pacific Telecom","17709","24","121"
"223.22.0.0","","Taiwan","","","Asia Pacific On-line Service Inc.","7482","24","121"
"223.26.0.0","","Taiwan","","","","","24","121"
"223.26.64.0","","Taiwan","","","","","24","121"
"223.27.32.0","","Taiwan","Taipei City","Taipei","PUMO NETWORK DIGITAL TECHNOLOGY CO.,LTD","38843","25.0504","121.5324"
"223.136.0.0","223-136-0-0.emome-ip.hinet.net","Taiwan","Keelung","Keelung","Mobile Business Group","17421","25.1322","121.742"
"223.165.8.0","","Taiwan","","","World-Link International","133955","24","121"
"223.200.0.0","223-200-0-0.hinet-ip.hinet.net","Taiwan","Miaoli","Miaoli","Data Communication Business Group","4782","24.5641","120.8275"
"IP","Domain","Country","Region","City","ISP","ASN","Lat","Long"
"61.220.0.0","61-220-0-0.hinet-ip.hinet.net","Taiwan","New Taipei","New Taipei","Data Communication Business Group","3462","24.9466","121.586"
"61.224.0.0","61-224-0-0.dynamic-ip.hinet.net","Taiwan","Yunlin","Bunan","Data Communication Business Group","3462","23.5981","120.1882"
"61.228.0.0","61-228-0-0.dynamic-ip.hinet.net","Taiwan","New Taipei","Xinzhuang District","Data Communication Business Group","3462","25.0383","121.4506"
"61.247.160.0","static-ip-0-160-247-61.rev.dyxnet.com","Taiwan","","","TW Limited","9244","24","121"
"74.120.120.0","","Taiwan","Taipei City","Taipei","xTom Pty Ltd","8888","25.0504","121.5324"
"74.121.191.88","","United States","","","SERVERSTADIUM","27323","37.751","-97.822"
"74.121.191.128","","United States","","","SERVERSTADIUM","27323","37.751","-97.822"
"85.113.86.0","","Taiwan","","","","","24","121"
"85.203.57.0","visit.keznews.com","Mexico","Mexico City","Mexico City","MODMC","54103","19.4326","-99.1332"
"85.217.216.0","","N/A","N/A","N/A","","","0","0"
"101.0.128.0","","Taiwan","","","SaveCom Internation Inc.","9676","24","121"
"101.3.0.0","","Taiwan","Tainan","Tainan City","Taiwan Intelligent Fiber Optic Network Co.,Ltd.","131584","22.9917","120.2148"
"101.8.0.0","","Taiwan","Kaohsiung","Kaohsiung City","Taiwan Mobile Co., Ltd.","24158","22.6148","120.3139"
"101.101.101.0","","Taiwan","","","Taiwan Network Information Center","131621","24","121"
"101.102.103.0","","Taiwan","","","Taiwan Network Information Center","131621","24","121"
"101.136.0.0","101-136-0-0.mobile.dynamic.aptg.com.tw","Taiwan","New Taipei","New Taipei","Ambit Microsystem Corporation","131591","24.9466","121.586"
"103.1.220.0","103-1-220-0.static.ip.net.tw","Taiwan","Taoyuan","Taoyuan District","Yuan-Jhen Info., Co., Ltd","131149","24.9889","121.3176"
"103.2.216.0","","Taiwan","","","","","24","121"
"103.3.192.0","","Taiwan","New Taipei","New Taipei","TNET Communication Inc. 10F., No.78, Sec. 2, Chongxin Rd., Sanchong Dist.,New Taipei City, T","38851","24.9466","121.586"
"103.4.104.0","","Hong Kong","","","HGC Global Communications Limited","9304","22.2578","114.1657"
"103.5.32.0","","Taiwan","","","Taiwan Star Telecom Corporation Limited.Former Vibo Telecom Inc.","24157","24","121"
"103.5.44.0","","Taiwan","","","Magna Hosting Ltd","135387","24","121"
"103.5.100.0","","Taiwan","New Taipei","New Taipei","TNET Communication Inc. 10F., No.78, Sec. 2, Chongxin Rd., Sanchong Dist.,New Taipei City, T","38851","24.9466","121.586"
"103.8.104.0","","Taiwan","","","","","24","121"
"103.9.116.0","","Taiwan","","","TWIDC","55789","24","121"
"103.10.4.0","","Taiwan","","","ASUSTek COMPUTER INC.","131144","24","121"
"103.10.204.0","","Taiwan","","","141 Yang Guan Jie","45599","24","121"
"103.14.200.0","","N/A","N/A","N/A","AS138611","138611","0","0"
"103.16.240.0","","Taiwan","","","","","24","121"
"103.16.244.0","","Taiwan","","","","","24","121"
"103.17.8.0","103-17-8-0.static.ip.net.tw","Taiwan","","","Yuan-Jhen Info., Co., Ltd","131149","24","121"
"103.17.240.0","","Hong Kong","","","HGC Global Communications Limited","9304","22.2578","114.1657"
"103.18.128.0","103-18-128-0.ip.mwsrv.com","Taiwan","","","DigiCentre Company Limited","7532","24","121"
"103.20.40.0","","Taiwan","","","PUMO NETWORK DIGITAL TECHNOLOGY CO.,LTD","38843","24","121"
"103.20.176.0","","Taiwan","","","","","24","121"
"103.21.60.0","","Taiwan","","","Bank Of Taiwan","131148","24","121"
"103.21.196.0","","Taiwan","","","LETSWIN TELECOM CO., LTD.","131632","24","121"
"103.22.156.0","","Taiwan","","","Kingspeed International Freight Express","45504","24","121"
"103.22.212.0","","Taiwan","","","","","24","121"
"103.23.108.0","ip-103-23-108-0.static.pixnet.tw","Taiwan","","","Taiwan Fixed Network, Telco and Network Service Provider.","9924","24","121"
"103.24.100.0","","Taiwan","","","","","24","121"
"103.25.232.0","","Taiwan","","","Asia Pacific On-line Service Inc.","7482","24","121"
"103.25.236.0","","Taiwan","","","","","24","121"
"103.28.200.0","","Taiwan","","","BTN-ASN","3491","24","121"
"103.30.44.0","","Taiwan","","","CM Craft Aesthetic","18424","24","121"
"103.30.128.0","","Taiwan","","","","","24","121"
"103.30.132.0","","Taiwan","","","","","24","121"
"103.31.196.0","","Taiwan","","","Taiwan Intelligent Fiber Optic Network Co.,Ltd.","131584","24","121"
"103.35.204.0","","Taiwan","","","Magna Hosting Ltd","135387","24","121"
"103.36.116.0","","Taiwan","","","Asia Pacific Telecom","17709","24","121"
"103.37.36.0","","Taiwan","","","TRIUMPH DYNASTY Limited","133747","24","121"
"103.38.146.0","","Taiwan","","","WELL-POWER Tech Corp","133158","24","121"
"103.42.112.0","","Taiwan","","","New Century InfoComm Tech Co., Ltd.","9919","24","121"
"103.42.144.0","","Taiwan","","","","","24","121"
"103.42.148.0","","Taiwan","","","PEGATRON","131593","24","121"
"103.43.48.0","","Taiwan","","","","","24","121"
"103.46.144.0","","Taiwan","","","TNET Communication Inc. 10F., No.78, Sec. 2, Chongxin Rd., Sanchong Dist.,New Taipei City, T","38851","24","121"
"103.46.188.0","","Taiwan","","","TNET Communication Inc. 10F., No.78, Sec. 2, Chongxin Rd., Sanchong Dist.,New Taipei City, T","38851","24","121"
"103.51.140.0","","Taiwan","Taichung City","Taichung","Serverfield Co., Ltd.","134094","24.144","120.6844"
"103.59.220.0","","Taiwan","","","Kingston Technology Fareast Corp.","131595","24","121"
"103.61.136.0","","Taiwan","","","EMGINECONCEPT-01","31972","24","121"
"103.67.204.0","","Taiwan","","","SSCLOUD","17213","24","121"
"103.68.138.0","","Taiwan","","","HiMORE Digital","131273","24","121"
"103.70.52.0","","Taiwan","","","DigiCentre Company Limited","7532","24","121"
"103.71.140.0","","Taiwan","","","New Century InfoComm Tech Co., Ltd.","9919","24","121"
"103.89.20.0","","Taiwan","","","Mootech Asia","136462","24","121"
"103.95.44.0","","Taiwan","","","","","24","121"
"103.97.48.0","","Taiwan","","","pearlabyss","38090","24","121"
"103.97.156.0","","Taiwan","","","","","24","121"
"103.98.72.0","","Taiwan","Taichung City","Taichung","","","24.144","120.6844"
"103.99.88.0","","Taiwan","","","","","24","121"
"103.100.124.0","103-100-124-0.static.anson-tw-pop.com","Taiwan","","","Anson Network Limited Taiwan","131610","24","121"
"103.100.164.0","","Taiwan","","","","","24","121"
"103.103.80.0","","Taiwan","","","Carl International Information ltd.","131618","24","121"
"103.103.128.0","","Taiwan","Taichung City","Taichung","Serverfield Co., Ltd.","134094","24.144","120.6844"
"103.104.148.0","","Taiwan","","","Ezlink Cloud Technology Co., Limted","135293","24","121"
"103.106.52.0","","Taiwan","","","Advanced Information Company Limited","38047","24","121"
"103.112.48.0","","Taiwan","","","","","24","121"
"103.113.240.0","","Taiwan","","","Rich Top EC Limited","132146","24","121"
"103.116.68.0","","Taiwan","","","","","24","121"
"103.116.96.0","","Taiwan","","","Jigentec CO. LTD.","131619","24","121"
"103.117.4.0","","Taiwan","","","SHOPEE TAIWAN CO. LTD.","131623","24","121"
"103.117.40.0","","Taiwan","","","Ci Yuan Technology Co., Limited","135561","24","121"
"103.117.106.0","","Taiwan","","","HiMORE Digital","131273","24","121"
"103.117.112.0","","Taiwan","","","DongFong Technology Co. Ltd.","18046","24","121"
"103.117.224.0","","Taiwan","","","Peicity Digital Cable Television., LTD","131627","24","121"
"103.118.24.0","","Taiwan","","","NSS INTL CO., LTD.","131626","24","121"
"103.119.212.0","","Taiwan","","","TRIUMPH DYNASTY Limited","133747","24","121"
"103.120.148.0","","Taiwan","","","","","24","121"
"103.122.16.0","","Taiwan","","","","","24","121"
"103.122.20.0","","Taiwan","Taipei City","Taipei","Nerocloud Ltd","48024","25.0504","121.5324"
"103.122.116.0","","Taiwan","","","Ching Kuo","147035","24","121"
"103.122.124.0","","Taiwan","","","","","24","121"
"103.122.148.0","","Taiwan","","","","","24","121"
"103.122.188.0","","Taiwan","","","","","24","121"
"103.122.196.0","","Taiwan","","","","","24","121"
"103.122.208.0","","Taiwan","","","","","24","121"
"103.122.216.0","","Taiwan","","","Compal Electronics","131680","24","121"
"103.122.224.0","","Taiwan","","","HITRON TECHNOLOGY INC.","9311","24","121"
"103.122.236.0","","Taiwan","","","","","24","121"
"IP","Domain","Country","Region","City","ISP","ASN","Lat","Long"
"103.123.0.0","","Taiwan","Taipei City","Taipei","LETSWIN TELECOM CO., LTD.","131632","25.0504","121.5324"
"103.123.124.0","","Taiwan","","","","","24","121"
"103.123.128.0","","Taiwan","","","Denpa Ltd.","131662","24","121"
"103.123.132.0","103-123-132-0.idc-ip.as134823.net","Taiwan","","","Sky Digital Co., Ltd.","134823","24","121"
"103.123.140.0","","Taiwan","","","AboveNet Communications Taiwan","17408","24","121"
"103.123.184.0","","Taiwan","","","","","24","121"
"103.123.188.0","","Taiwan","","","Koos Broadband Telecom","18042","24","121"
"103.123.192.0","103-123-192-0.static.ip.net.tw","Taiwan","","","Yuan-Jhen Info., Co., Ltd","131149","24","121"
"103.123.196.0","103-123-196-0.static.ip.net.tw","Taiwan","","","","","24","121"
"103.123.216.0","","Taiwan","","","Licson Internet Service","134098","24","121"
"103.123.240.0","103-123-240-0.static.ip.net.tw","Taiwan","","","Yuan-Jhen Info., Co., Ltd","131149","24","121"
"103.123.252.0","","Taiwan","","","","","24","121"
"103.124.40.0","","Taiwan","","","Chief Telecom Inc.","131606","24","121"
"103.124.72.0","","Taiwan","","","National Center for High-performance Computing","7539","24","121"
"103.124.148.0","","Taiwan","","","","","24","121"
"103.124.176.0","","Taiwan","Taipei City","Taipei","Peicity Digital Cable Television., LTD","131627","25.0504","121.5324"
"103.124.252.0","","Taiwan","","","NETEASE","131659","24","121"
"103.125.0.0","","Taiwan","","","","","24","121"
"103.125.64.0","","Taiwan","","","","","24","121"
"103.125.156.0","","Taiwan","","","","","24","121"
"103.125.224.0","","Taiwan","","","","","24","121"
"103.125.228.0","","Taiwan","","","","","24","121"
"103.126.88.0","","Taiwan","","","","","24","121"
"103.126.140.0","","Taiwan","","","","","24","121"
"103.126.164.0","","Taiwan","","","Chinatrust Commercial Bank","131143","24","121"
"103.126.180.0","","Taiwan","","","","","24","121"
"103.126.252.0","","Taiwan","","","DongFong Technology Co. Ltd.","18046","24","121"
"103.127.148.0","","Taiwan","","","","","24","121"
"103.127.228.0","","Taiwan","","","MOBA Private Limited Taiwan Branch","131634","24","121"
"103.127.232.0","","Taiwan","","","Airpay","131635","24","121"
"103.127.236.0","","Taiwan","","","GROUP-IID-002","399626","24","121"
"103.127.240.0","","Taiwan","","","Nerocloud Ltd","48024","24","121"
"103.129.136.0","","Taiwan","","","Carl International Information ltd.","131618","24","121"
"103.129.144.0","103-129-144-0.ip4.tih.tw","Taiwan","","","","","24","121"
"103.129.160.0","","Taiwan","","","","","24","121"
"103.129.164.0","","Taiwan","","","","","24","121"
"103.129.168.0","103-129-168-0.static.ip.net.tw","Taiwan","","","Yuan-Jhen Info., Co., Ltd","131149","24","121"
"103.129.176.0","","Taiwan","","","Taiwan Fixed Network, Telco and Network Service Provider.","9924","24","121"
"103.129.180.0","","Taiwan","","","","","24","121"
"103.129.240.0","","Taiwan","","","","","24","121"
"103.130.0.0","","Taiwan","","","Digidom CableTV Co., LTD.","131607","24","121"
"103.130.20.0","","Taiwan","","","DongFong Technology Co. Ltd.","18046","24","121"
"103.130.24.0","","Taiwan","","","DongFong Technology Co. Ltd.","18046","24","121"
"103.130.28.0","","Taiwan","","","NETEASE","131659","24","121"
"103.130.32.0","","Taiwan","","","DongFong Technology Co. Ltd.","18046","24","121"
"103.130.36.0","","Taiwan","","","DongFong Technology Co. Ltd.","18046","24","121"
"103.130.40.0","","Taiwan","","","DongFong Technology Co. Ltd.","18046","24","121"
"103.130.44.0","","Taiwan","","","DongFong Technology Co. Ltd.","18046","24","121"
"103.130.48.0","","Taiwan","","","New Kaohsiung Broadband LTD.","9922","24","121"
"103.130.84.0","","Taiwan","","","Digidom CableTV Co., LTD.","131607","24","121"
"103.130.92.0","","Taiwan","New Taipei","New Taipei","DaDa Broadband LTD.","18419","24.9466","121.586"
"103.130.96.0","","Taiwan","","","DaDa Broadband LTD.","18419","24","121"
"103.130.100.0","","Taiwan","","","GIGABYTE","131663","24","121"
"103.130.120.0","","Taiwan","","","","","24","121"
"103.130.124.0","","Taiwan","","","WANIN INTERNATIONAL CO., LTD.","131636","24","121"
"103.130.248.0","","Taiwan","","","","","24","121"
"103.130.252.0","","Taiwan","","","Academia Sinica","9264","24","121"
"103.131.112.0","","Taiwan","","","","","24","121"
"103.131.124.0","","Taiwan","","","","","24","121"
"103.131.172.0","","Taiwan","","","TNET Communication Inc. 10F., No.78, Sec. 2, Chongxin Rd., Sanchong Dist.,New Taipei City, T","38851","24","121"
"103.131.252.0","","Taiwan","","","NETEASE","131659","24","121"
"103.132.44.0","103-132-44-0.as131675.net","Taiwan","","","Beyond Orbit Co., Ltd.","131675","24","121"
"103.132.132.0","","Taiwan","","","","","24","121"
"103.132.156.0","","Taiwan","","","","","24","121"
"103.133.44.0","","Taiwan","","","FastCould","131637","24","121"
"103.133.152.0","","Taiwan","","","Advanced Information Company Limited","38047","24","121"
"103.134.80.0","","Taiwan","","","","","24","121"
"103.134.120.0","","Taiwan","","","KlickKlack Co., Ltd","131645","24","121"
"103.134.148.0","","N/A","N/A","N/A","","","0","0"
"103.135.16.0","","Taiwan","","","","","24","121"
"103.135.20.0","","Taiwan","","","","","24","121"
"103.135.116.0","","Taiwan","","","Carl International Information ltd.","131618","24","121"
"103.136.60.0","","Taiwan","","","CM Craft Aesthetic","18424","24","121"
"103.136.210.0","","Taiwan","","","Kuang Shih International Ltd. Ltd","17502","24","121"
"103.136.212.0","","Taiwan","","","STARCLOUD GLOBAL PTE., LTD.","140224","24","121"
"103.136.224.0","","Taiwan","","","AS-CHOOPA","20473","24","121"
"103.137.22.0","","Taiwan","","","Sky Digital Co., Ltd.","134823","24","121"
"103.137.62.0","","Taiwan","Taipei City","Taipei City","Pittqiao Network Information Co.,Ltd.","131642","25.0759","121.5516"
"103.137.246.0","","Taiwan","Taipei City","Taipei","Pittqiao Network Information Co.,Ltd.","131642","25.0504","121.5324"
"103.138.92.0","","Taiwan","","","NAN YA PLASTICS CORPORATION","131655","24","121"
"103.138.106.0","","Taiwan","","","AboveNet Communications Taiwan","17408","24","121"
"103.138.194.0","","Taiwan","","","Carl International Information ltd.","131618","24","121"
"103.139.240.0","","Taiwan","","","loongaming","131651","24","121"
"103.140.110.0","","Taiwan","","","","","24","121"
"103.140.169.0","","Taiwan","","","Ruifeng HK branch","139298","24","121"
"103.140.232.0","","Taiwan","","","","","24","121"
"103.141.76.0","","Taiwan","","","Ruifeng HK branch","139298","24","121"
"103.141.80.0","ip-103-141-80-0.static.kkco.com.tw","Taiwan","","","KlickKlack Co., Ltd","131645","24","121"
"103.141.82.0","ip-103-141-82-0.static.kkco.com.tw","Taiwan","","","KlickKlack Co., Ltd","131645","24","121"
"103.142.42.0","ip-103-142-42-0.static.kkco.com.tw","Taiwan","","","KlickKlack Co., Ltd","131645","24","121"
"103.142.44.0","","Taiwan","","","KlickKlack Co., Ltd","131645","24","121"
"103.142.150.0","","Taiwan","","","","","24","121"
"103.142.152.0","","Taiwan","","","","","24","121"
"103.142.176.0","","Taiwan","","","","","24","121"
"103.143.56.0","","Taiwan","","","loongaming","131651","24","121"
"103.144.32.0","","Taiwan","","","NSS INTL CO., LTD.","131626","24","121"
"103.144.34.0","","Taiwan","","","","","24","121"
"103.145.22.0","","Taiwan","","","HWA CENT TELECOMMUNICATIONS LIMITED","139471","24","121"
"103.146.80.0","","Taiwan","","","Internet Vikings International AB","51747","24","121"
"103.146.164.0","","Taiwan","","","","","24","121"
"IP","Domain","Country","Region","City","ISP","ASN","Lat","Long"
"103.146.210.0","","Taiwan","","","GRONEXT CO., LTD.","131667","24","121"
"103.146.212.0","","Taiwan","","","FANTASY TECHNOLOGY CO., LTD.","131671","24","121"
"103.146.250.0","","Taiwan","","","RETN Telecoms Ltd.","139903","24","121"
"103.147.22.0","","Taiwan","","","Taiwan Digital Streaming Co.","131668","24","121"
"103.147.58.0","","Taiwan","","","","","24","121"
"103.147.130.0","103.147.130.0.ip.qwaydns.com","Taiwan","","","OpenFor Telecommunications Co., Ltd.","131677","24","121"
"103.148.68.0","","Taiwan","","","Carl International Information ltd.","131618","24","121"
"103.148.72.0","","Hong Kong","","","Pittqiao Network Information Co.,Ltd.","131642","22.2578","114.1657"
"103.148.142.0","","Taiwan","","","","","24","121"
"103.148.146.0","","Taiwan","","","Skycloud Computing co., Ltd.","7483","24","121"
"103.149.64.0","103.149.64.0.ip.qwaydns.com","Taiwan","","","OpenFor Telecommunications Co., Ltd.","131677","24","121"
"103.149.66.0","","Taiwan","","","DQWLIT","131678","24","121"
"103.150.36.0","","Taiwan","Taichung City","Taichung","HostingInside LTD.","9678","24.144","120.6844"
"103.150.230.0","","Taiwan","","","Gangu Tech Co., Ltd.","131679","24","121"
"103.152.150.0","","Taiwan","Taichung City","Taichung","HostingInside LTD.","9678","24.144","120.6844"
"103.152.202.0","","Hong Kong","Kowloon City","Kowloon","Ming Yi Tea Farm","17415","22.3163","114.1842"
"103.152.220.0","","Hong Kong","Kowloon City","Kowloon","Eons Data Communications Limited","138997","22.3163","114.1842"
"103.152.252.0","103.152.252.0.ip.qwaydns.com","Taiwan","","","OpenFor Telecommunications Co., Ltd.","131677","24","121"
"103.153.176.0","","Taiwan","","","HUANG HR CO., LTD.","131657","24","121"
"103.153.200.0","","Taiwan","","","Watch Tower Bible and Tract Society of Pennsylvania, Taiwan Branch","140958","24","121"
"103.155.202.0","","Taiwan","","","YFNET","134997","24","121"
"103.156.116.0","","Indonesia","Banten","South Tangerang","","","-6.2876","106.722"
"103.156.184.0","","Taiwan","","","Akari Networks","38136","24","121"
"103.156.242.0","","Taiwan","New Taipei","","Kirino LLC","41378","25.0355","121.5232"
"103.157.42.0","","Taiwan","Taipei City","Taipei City","Pittqiao Network Information Co.,Ltd.","131642","25.0759","121.5516"
"103.157.86.0","","Taiwan","","","","","24","121"
"103.158.74.0","","Taiwan","","","","","24","121"
"103.158.76.0","","Taiwan","","","","","24","121"
"103.158.78.0","","Taiwan","","","","","24","121"
"103.158.80.0","","Taiwan","","","","","24","121"
"103.158.112.0","","Taiwan","","","","","24","121"
"103.158.114.0","","Taiwan","","","","","24","121"
"103.158.116.0","","Taiwan","","","","","24","121"
"103.158.118.0","","Taiwan","","","","","24","121"
"103.158.134.0","","Taiwan","","","","","24","121"
"103.158.184.0","","Taiwan","","","","","24","121"
"103.158.186.0","","Taiwan","","","Haima Global Network","139328","24","121"
"103.158.228.0","","Taiwan","","","Sky Digital Co., Ltd.","134823","24","121"
"103.159.86.0","","Taiwan","","","","","24","121"
"103.159.88.0","","Taiwan","","","EMGINECONCEPT-01","31972","24","121"
"103.159.118.0","ip-103-159-118-0.as38856.walks.cloud","Taiwan","","","Walks Cloud Inc.","38856","24","121"
"103.159.120.0","","Taiwan","","","Carl International Information ltd.","131618","24","121"
"103.159.172.0","","Taiwan","","","","","24","121"
"103.159.176.0","","Taiwan","","","","","24","121"
"103.159.206.0","","Taiwan","","","","","24","121"
"103.159.210.0","","Taiwan","","","","","24","121"
"103.160.0.0","","Vietnam","","","","","16.1667","107.8333"
"103.160.86.0","","Taiwan","","","Data Communication Business Group","4782","24","121"
"103.160.180.0","","Taiwan","","","","","24","121"
"103.160.214.0","","Taiwan","","","","","24","121"
"103.160.220.0","","Taiwan","","","","","24","121"
"103.160.224.0","","Taiwan","","","NETEASE","131659","24","121"
"103.160.226.0","","Taiwan","","","NETEASE","131659","24","121"
"103.160.250.0","","Taiwan","","","","","24","121"
"103.161.6.0","","Taiwan","","","Carl International Information ltd.","131618","24","121"
"103.161.8.0","","N/A","N/A","N/A","","","0","0"
"103.161.10.0","","N/A","N/A","N/A","","","0","0"
"103.161.12.0","","N/A","N/A","N/A","","","0","0"
"103.161.36.0","","N/A","N/A","N/A","","","0","0"
"103.161.78.0","","Taiwan","","","HiMORE Digital","131273","24","121"
"103.161.90.0","","Taiwan","","","InnoLux Display Corp.","131683","24","121"
"103.162.84.0","","Taiwan","","","","","24","121"
"103.164.130.0","","Taiwan","","","NC Taiwan Co., Ltd.","142005","24","121"
"103.166.81.0","","Taiwan","","","HiMORE Digital","131273","24","121"
"103.167.50.0","","Taiwan","","","Zenlayer","38854","24","121"
"103.167.250.0","","Taiwan","","","Internet Technology Laboratory","38254","24","121"
"103.168.154.0","","Japan","Tokyo","Tokyo","Eons Data Communications Limited","138997","35.6893","139.6899"
"103.168.156.0","","Taiwan","","","AMAZON-02","16509","24","121"
"103.169.46.0","","Taiwan","","","Paramita Digital Ltd.","38853","24","121"
"103.169.106.0","","Taiwan","","","","","24","121"
"103.169.126.0","","Taiwan","","","","","24","121"
"103.169.212.0","","Taiwan","","","Fun Finance Technology Co., Ltd.","38852","24","121"
"103.170.14.0","","Taiwan","","","","","24","121"
"103.172.124.0","","Taiwan","","","Tsung-Yi Yu","7480","24","121"
"103.172.126.0","","Taiwan","","","Mercycat Network","18428","24","121"
"103.172.128.0","","Taiwan","","","","","24","121"
"103.173.94.0","","Taiwan","","","IMPROVE SYSTEM TECHNOLOGY CO., LTD.","9920","24","121"
"103.174.124.0","","Taiwan","","","","","24","121"
"103.174.154.0","","Taiwan","","","","","24","121"
"103.175.152.0","103-175-152-0.paradise-soft.com.tw","Taiwan","","","","","24","121"
"103.175.166.0","","Taiwan","","","Skycloud Computing co., Ltd.","7483","24","121"
"103.175.194.0","","Taiwan","","","Skycloud Computing co., Ltd.","7483","24","121"
"103.175.254.0","","Taiwan","","","","","24","121"
"103.176.0.0","","N/A","N/A","N/A","","","0","0"
"103.176.50.0","","Taiwan","","","","","24","121"
"103.177.32.0","","Taiwan","","","Sky Digital Co., Ltd.","38042","24","121"
"103.177.50.0","cndfur3wdeo","Taiwan","","","GOOGLE-CLOUD-PLATFORM","396982","24","121"
"103.177.126.0","","Taiwan","","","","","24","121"
"103.178.10.0","","Taiwan","","","Force Cloud Co., Ltd.","131653","24","121"
"103.178.36.0","","Taiwan","","","Vocom International Telecommunications AP Area","45250","24","121"
"103.178.92.0","","Taiwan","","","","","24","121"
"103.179.28.0","","Taiwan","","","WeiXuan Chang","212358","24","121"
"103.179.148.0","","Taiwan","","","","","24","121"
"103.180.14.0","","Taiwan","","","Chang Chun Petrochemical Co., Ltd.","63893","24","121"
"103.180.16.0","","Taiwan","","","Chang Chun Petrochemical Co., Ltd.","63893","24","121"
"103.180.18.0","","Taiwan","","","Chang Chun Petrochemical Co., Ltd.","63893","24","121"
"103.180.20.0","","Taiwan","","","Pittqiao Network Information Co.,Ltd.","131642","24","121"
"103.180.22.0","","Taiwan","","","Taiwan Infrastructure Network Technologie","18049","24","121"
"103.182.226.0","","Taiwan","","","Advanced Information Company Limited","38047","24","121"
"103.196.172.0","","Taiwan","","","New Changhua Digital Cable TV CO,.Ltd","131597","24","121"
"IP","Domain","Country","Region","City","ISP","ASN","Lat","Long"
"103.197.172.0","","Taiwan","","","DongFong Technology Co. Ltd.","18046","24","121"
"103.200.0.0","","Taiwan","","","Wistron Corporation","131599","24","121"
"103.207.252.0","","Taiwan","","","","","24","121"
"103.208.196.0","103-208-196-0.idc-ip.as134823.net","Taiwan","","","Sky Digital Co., Ltd.","134823","24","121"
"103.222.248.0","","Taiwan","","","Inventec Besta CO.,LTD","131605","24","121"
"103.224.132.0","","Taiwan","","","Taiwan Fixed Network, Telco and Network Service Provider.","9924","24","121"
"103.224.192.0","","Taiwan","","","Taiwan Fixed Network, Telco and Network Service Provider.","9924","24","121"
"103.224.200.0","","Taiwan","New Taipei","Xindian District","Extra-Lan Technologies Co., LTD","18429","24.9547","121.5354"
"103.224.204.0","","Taiwan","","","","","24","121"
"103.225.0.0","","Taiwan","","","UNION BROADBAND NETWORK","24164","24","121"
"103.226.100.0","","Taiwan","","","TRIUMPH DYNASTY Limited","133747","24","121"
"103.226.212.0","","Taiwan","","","Taiwan Intelligent Fiber Optic Network Co.,Ltd.","131584","24","121"
"103.227.32.0","","Taiwan","","","Foxconn Technology Group","131589","24","121"
"103.227.224.0","","Taiwan","","","","","24","121"
"103.228.216.0","","Taiwan","","","Mega International Commercial Bank","131587","24","121"
"103.229.16.0","","Taiwan","Taipei City","Taipei","Qualcomm Inc","133089","25.0504","121.5324"
"103.229.50.0","","Taiwan","","","","","24","121"
"103.229.100.0","","Taiwan","","","TNET Communication Inc. 10F., No.78, Sec. 2, Chongxin Rd., Sanchong Dist.,New Taipei City, T","38851","24","121"
"103.229.124.0","","Taiwan","","","Cloudie Limited","55933","24","121"
"103.229.132.0","","Taiwan","","","Financial Information Service Co., Ltd.","131588","24","121"
"103.231.48.0","","Taiwan","","","Ambit Microsystem Corporation","131591","24","121"
"103.233.68.0","","Taiwan","New Taipei","New Taipei","DongFong Technology Co. Ltd.","18046","24.9466","121.586"
"103.234.40.0","","Taiwan","","","Peicity Digital Cable Television., LTD","131627","24","121"
"103.234.76.0","","Taiwan","","","TNET Communication Inc. 10F., No.78, Sec. 2, Chongxin Rd., Sanchong Dist.,New Taipei City, T","38851","24","121"
"103.234.80.0","","Taiwan","","","President Information Corp.","17710","24","121"
"103.234.204.0","","Taiwan","","","DaDa Broadband LTD.","18419","24","121"
"103.234.224.0","","Taiwan","","","DongFong Technology Co. Ltd.","18046","24","121"
"103.234.228.0","n228-h0.234.103.dynamic.da.net.tw","Taiwan","","","DaDa Broadband LTD.","18419","24","121"
"103.235.88.0","","Taiwan","","","AMAZON-02","16509","24","121"
"103.239.60.0","","Taiwan","","","Taiwan Star Telecom Corporation Limited.Former Vibo Telecom Inc.","24157","24","121"
"103.241.68.0","","Taiwan","","","","","24","121"
"103.243.248.0","","Taiwan","","","","","24","121"
"103.246.208.0","","Taiwan","","","TNET Communication Inc. 10F., No.78, Sec. 2, Chongxin Rd., Sanchong Dist.,New Taipei City, T","38851","24","121"
"103.246.218.0","103-246-218-0.idc-ip.as134823.net","Taiwan","","","Sky Digital Co., Ltd.","134823","24","121"
"103.247.112.0","ip-103-247-112-0.kkcube.com","Taiwan","","","Taiwan Fixed Network, Telco and Network Service Provider.","9924","24","121"
"103.249.160.0","","Taiwan","","","10 Science Park Road","45634","24","121"
"103.252.68.0","","Taiwan","","","","","24","121"
"103.252.128.0","","Taiwan","Taipei City","Taipei","PEER WITH OVERSEA ISP","10085","25.0504","121.5324"
"103.252.196.0","","Taiwan","","","Dynamic Computing Technology","131601","24","121"
"103.252.244.0","","Taiwan","","","WELL-POWER Tech Corp","133158","24","121"
"103.253.184.0","","Taiwan","","","Kingspeed International Freight Express","45504","24","121"
"106.1.0.0","","Taiwan","Tainan","Dawan","Taiwan Fixed Network, Telco and Network Service Provider.","9924","23.2092","120.1872"
"106.64.0.0","106-64-0-0.adsl.fetnet.net","Taiwan","","","Far EastTone Telecommunication Co., Ltd.","9674","24","121"
"106.104.0.0","106-104-0-0.adsl.dynamic.seed.net.tw","Taiwan","Kaohsiung","Kaohsiung City","Digital United Inc.","4780","22.6148","120.3139"
"107.179.60.0","","United States","","","LAYER-HOST","46573","37.751","-97.822"
"110.24.0.0","110-24-0-0.adsl.fetnet.net","Taiwan","","","Far EastTone Telecommunication Co., Ltd.","9674","24","121"
"110.50.128.0","","Taiwan","","","Taiwan Star Telecom Corporation Limited.Former Vibo Telecom Inc.","24157","24","121"
"111.67.48.0","111-67-48-0.veetime.com","Taiwan","Taichung City","Taichung","VEE TIME CORP.","17809","24.144","120.6844"
"111.70.0.0","111-70-0-0.emome-ip.hinet.net","Taiwan","Taipei City","Taipei","Mobile Business Group","17421","25.0504","121.5324"
"111.80.0.0","111-80-0-0.emome-ip.hinet.net","Taiwan","","","","","24","121"
"111.125.128.0","","Taiwan","","","Taiwan Intelligent Fiber Optic Network Co.,Ltd.","131584","24","121"
"111.184.0.0","host-111-184-0-0.dynamic.kbtelecom.net","Taiwan","Taipei City","Taipei","Hoshin Multimedia Center Inc.","9416","25.0504","121.5324"
"111.235.192.0","","Taiwan","Taipei City","Taipei","Taiwan Intelligent Fiber Optic Network Co.,Ltd.","131584","25.0504","121.5324"
"111.240.0.0","111-240-0-0.dynamic-ip.hinet.net","Taiwan","Taoyuan","Taoyuan District","Data Communication Business Group","3462","24.9889","121.3176"
"112.78.16.0","","Taiwan","","","","","24","121"
"112.78.64.0","","Taiwan","Taipei City","Taipei","Taiwan Star Telecom Corporation Limited.Former Vibo Telecom Inc.","24157","25.0504","121.5324"
"112.78.104.0","","Taiwan","","","TOPNET. IP Transit AS","45560","24","121"
"112.104.0.0","112-104-0-0.adsl.dynamic.seed.net.tw","Taiwan","Kaohsiung","Kaohsiung City","Digital United Inc.","4780","22.6148","120.3139"
"112.121.32.0","","Taiwan","","","","","24","121"
"112.121.64.0","","Taiwan","","","DigiCentre Company Limited","7532","24","121"
"112.213.48.0","","Taiwan","","","DWINS Digital Service Corp.","17416","24","121"
"113.21.80.0","","Taiwan","","","","","24","121"
"113.21.160.0","static-ip-0-160-21-113.rev.dyxnet.com","Taiwan","","","TW Limited","9244","24","121"
"113.61.128.0","113-61-128-0.veetime.com","Taiwan","Taichung City","Taichung","VEE TIME CORP.","17809","24.144","120.6844"
"113.196.0.0","113.196.0.0.ll.static.sparqnet.net","Taiwan","","","New Century InfoComm Tech Co., Ltd.","9919","24","121"
"113.212.78.0","","Taiwan","","","","","24","121"
"114.24.0.0","114-24-0-0.dynamic-ip.hinet.net","Taiwan","New Taipei","New Taipei","Data Communication Business Group","3462","24.9466","121.586"
"114.29.240.0","","Taiwan","Tainan","Tainan City","PEER WITH OVERSEA ISP","10085","22.9917","120.2148"
"114.29.244.0","","Taiwan","","","Dynamic Computing Technology","131601","24","121"
"114.30.32.0","114-30-32-0.twgate-ip.twgate.net","Taiwan","","","Taiwan Internet Gateway","10126","24","121"
"114.32.0.0","114-32-0-0.hinet-ip.hinet.net","Taiwan","Taipei City","Taipei","Data Communication Business Group","3462","25.0504","121.5324"
"114.136.0.0","114-136-0-0.emome-ip.hinet.net","Taiwan","Taipei City","Taipei","Mobile Business Group","17421","25.0504","121.5324"
"114.140.0.0","114-140-0-0.adsl.fetnet.net","Taiwan","","","Far EastTone Telecommunication Co., Ltd.","9674","24","121"
"114.198.160.0","","Taiwan","New Taipei","New Taipei","Taiwan Fixed Network, Telco and Network Service Provider.","9924","24.9466","121.586"
"114.198.176.0","","Taiwan","New Taipei","Tamsui","Taiwan Fixed Network, Telco and Network Service Provider.","9924","25.1685","121.4408"
"115.30.64.0","","Taiwan","","","TRIUMPH DYNASTY Limited","133747","24","121"
"115.42.80.0","","Taiwan","","","","","24","121"
"115.42.112.0","","Taiwan","","","","","24","121"
"115.43.0.0","","Taiwan","Kaohsiung","Kaohsiung City","Hoshin Multimedia Center Inc.","9416","22.6148","120.3139"
"115.80.0.0","115-80-0-0.taiwanmobile.net","Taiwan","","","","","24","121"
"115.85.144.0","","Taiwan","","","EASPNET Inc.","10135","24","121"
"115.165.192.0","","Taiwan","New Taipei","New Taipei","UNION BROADBAND NETWORK","24165","24.9466","121.586"
"116.50.32.0","","Taiwan","","","DongFong Technology Co. Ltd.","18046","24","121"
"116.59.0.0","116-59-0-0.emome-ip.hinet.net","Taiwan","","","Mobile Business Group","17421","24","121"
"116.89.128.0","","Taiwan","Chiayi","Chiayi City","Taiwan Star Telecom Corporation Limited.Former Vibo Telecom Inc.","24157","23.4815","120.4498"
"116.118.128.0","0-128-118-116.tinp.net.tw","Taiwan","","","Taiwan Infrastructure Network Technologie","18049","24","121"
"116.212.80.0","","Taiwan","","","","","24","121"
"116.214.0.0","unknown.yahoo.com","Taiwan","Taipei City","Taipei","YAHOO! TAIWAN HOLDINGS LIMITED, TAIWAN BRANCH","24506","25.0504","121.5324"
"116.241.0.0","","Taiwan","Taoyuan","Taoyuan District","TBC","131596","24.9889","121.3176"
"117.19.0.0","117-19-0-0.dynamic.taiwanmobile.net","Australia","Queensland","Brisbane","","","-27.4102","153.1464"
"117.56.0.0","117-56-0-0.hinet-ip.hinet.net","Taiwan","Taipei City","Taipei","Data Communication Business Group","4782","25.0504","121.5324"
"117.103.96.0","","Taiwan","","","Academia Sinica Grid Computing Center","24167","24","121"
"118.99.128.0","0-128-99-118.savecom.net.tw","Taiwan","Taichung City","Taichung","SaveCom Internation Inc.","9676","24.144","120.6844"
"118.150.0.0","n0-h0.150.118.dynamic.da.net.tw","Taiwan","New Taipei","New Taipei","DaDa Broadband LTD.","18419","24.9466","121.586"
"118.160.0.0","118-160-0-0.dynamic-ip.hinet.net","Taiwan","Taipei City","Taipei","Data Communication Business Group","3462","25.0504","121.5324"
"118.168.0.0","118-168-0-0.dynamic-ip.hinet.net","Taiwan","Taoyuan","Taoyuan District","Data Communication Business Group","3462","24.9889","121.3176"
"118.231.0.0","118-231-0-0.adsl.fetnet.net","Taiwan","","","Far EastTone Telecommunication Co., Ltd.","9674","24","121"
"118.232.0.0","118-232-0-0.dynamic.kbronet.com.tw","Taiwan","Changhua","Chang-hua","Taiwan Fixed Network, Telco and Network Service Provider.","9924","24.0759","120.5657"
"119.14.0.0","","Taiwan","Taoyuan","Taoyuan District","Hoshin Multimedia Center Inc.","9416","24.9889","121.3176"
"119.15.192.0","119-15-192-0.veetime.com","Taiwan","","","DongFong Technology Co. Ltd.","18046","24","121"
"IP","Domain","Country","Region","City","ISP","ASN","Lat","Long"
"119.30.16.0","","Taiwan","","","EDT Network Services Limited Co,Ltd.","18411","24","121"
"119.31.176.0","","Taiwan","","","AboveNet Communications Taiwan","17408","24","121"
"119.75.240.0","","Taiwan","","","","","24","121"
"119.77.128.0","","Taiwan","Yilan","Yilan","UNION BROADBAND NETWORK","24164","24.757","121.753"
"119.160.240.0","xe-1-0-3-0.clr1-a-gdc.tw1.yahoo.com","Taiwan","Taipei City","Taipei","Internet Content Provider","10229","25.0504","121.5324"
"120.96.0.0","","Taiwan","","","National Taiwan University","17716","24","121"
"121.50.144.0","","Taiwan","","","CM Craft Aesthetic","18424","24","121"
"121.50.176.0","","Taiwan","","","DongFong Technology Co. Ltd.","18046","24","121"
"121.254.64.0","121-254-64-0.veetime.com","Taiwan","Taichung City","Taichung","VEE TIME CORP.","17809","24.144","120.6844"
"122.99.0.0","","Taiwan","Taipei City","Taipei","Hoshin Multimedia Center Inc.","9416","25.0504","121.5324"
"122.100.64.0","","Taiwan","Yilan","Yilan","GCNet Reach & Range Inc.","4662","24.757","121.753"
"122.116.0.0","122-116-0-0.hinet-ip.hinet.net","Taiwan","Taoyuan","Taoyuan District","Data Communication Business Group","3462","24.9889","121.3176"
"122.118.0.0","122-118-0-0.dynamic-ip.hinet.net","Taiwan","Taichung City","Taichung","Data Communication Business Group","3462","24.144","120.6844"
"122.120.0.0","122-120-0-0.dynamic-ip.hinet.net","Taiwan","","","Data Communication Business Group","3462","24","121"
"122.128.80.0","","Taiwan","","","","","24","121"
"122.144.32.0","","Taiwan","","","PUNET Taiwan","9216","24","121"
"122.146.0.0","122-146-0-0.static.sparqnet.net","Taiwan","Taipei City","Taipei","New Century InfoComm Tech Co., Ltd.","9919","25.0504","121.5324"
"122.200.152.0","","Taiwan","","","DongFong Technology Co. Ltd.","18046","24","121"
"122.201.128.0","0-128-201-122.savecom.net.tw","Taiwan","New Taipei","New Taipei","SaveCom Internation Inc.","9676","24.9466","121.586"
"122.252.160.0","","Taiwan","","","","","24","121"
"122.254.0.0","","Taiwan","Kaohsiung","Kaohsiung City","GCNet Reach & Range Inc.","4662","22.6148","120.3139"
"122.255.80.0","","Taiwan","","","NTT-LTD-2914","2914","24","121"
"123.0.32.0","","Taiwan","New Taipei","New Taipei","GCNet Reach & Range Inc.","4662","24.9466","121.586"
"123.0.192.0","","Taiwan","Taoyuan","Taoyuan District","TBC","131596","24.9889","121.3176"
"123.50.32.0","","Taiwan","Taipei City","Taipei","Extra-Lan Technologies Co., LTD","18429","25.0504","121.5324"
"123.51.128.0","123.51.128.0.ll.static.sparqnet.net","Taiwan","New Taipei","New Taipei","New Century InfoComm Tech Co., Ltd.","9919","24.9466","121.586"
"123.99.0.0","","Taiwan","","","","","24","121"
"123.99.32.0","","Taiwan","","","","","24","121"
"123.110.0.0","","Taiwan","Taichung City","Taichung","TBC","131596","24.144","120.6844"
"123.192.0.0","123-192-0-0.dynamic.kbronet.com.tw","Taiwan","Taipei City","Taipei","kbro CO. Ltd.","38841","25.0504","121.5324"
"123.204.0.0","123-204-0-0.dynamic.seed.net.tw","Taiwan","Taoyuan","Taoyuan District","Digital United Inc.","4780","24.9889","121.3176"
"123.240.0.0","","Taiwan","Taichung City","Taichung","TBC","131596","24.144","120.6844"
"123.252.0.0","","Taiwan","Taipei City","Taipei","Hoshin Multimedia Center Inc.","9416","25.0504","121.5324"
"123.253.140.0","","Taiwan","","","Sky Digital Co., Ltd.","134823","24","121"
"123.255.224.0","","Taiwan","","","","","24","121"
"124.6.0.0","","Taiwan","Kaohsiung","Kaohsiung City","GCNet Reach & Range Inc.","4662","22.6148","120.3139"
"124.8.0.0","","Taiwan","","","Taiwan Fixed Network, Telco and Network Service Provider.","9924","24","121"
"124.12.0.0","124-12-0-0.dynamic.tfn.net.tw","Taiwan","","","Taiwan Fixed Network, Telco and Network Service Provider.","9924","24","121"
"124.29.128.0","","Taiwan","","","Taiwan Mobile Co., Ltd.","24158","24","121"
"124.29.160.0","","Taiwan","","","","","24","121"
"124.108.128.0","124-108-128-0.static.tfn.net.tw","Taiwan","","","Taiwan Fixed Network, Telco and Network Service Provider.","9924","24","121"
"124.109.112.0","n112-h0.109.124.dynamic.da.net.tw","Taiwan","New Taipei","New Taipei","DaDa Broadband LTD.","18419","24.9466","121.586"
"124.150.128.0","","Taiwan","","","PUMO NETWORK DIGITAL TECHNOLOGY CO.,LTD","38843","24","121"
"124.155.128.0","","Taiwan","New Taipei","New Taipei","Hoshin Multimedia Center Inc.","9416","24.9466","121.586"
"124.155.160.0","","Taiwan","New Taipei","New Taipei","Extra-Lan Technologies Co., LTD","18429","24.9466","121.586"
"124.199.64.0","124-199-64-0.hinet-ip.hinet.net","Taiwan","","","Data Communication Business Group","4782","24","121"
"124.199.96.0","124-199-96-0.hinet-ip.hinet.net","Taiwan","","","Data Communication Business Group","4782","24","121"
"124.218.0.0","","Taiwan","New Taipei","New Taipei","Asia Pacific On-line Service Inc.","7482","24.9466","121.586"
"124.219.0.0","","Taiwan","Taoyuan","Taoyuan District","Asia Pacific Broadband Fixed Lines Co., Ltd.","24154","24.9889","121.3176"
"125.62.224.0","","Taiwan","","","Internet Service Provider. Taiwan","38797","24","121"
"125.224.0.0","125-224-0-0.dynamic-ip.hinet.net","Taiwan","Taichung City","Taichung","Data Communication Business Group","3462","24.144","120.6844"
"125.232.0.0","125-232-0-0.dynamic-ip.hinet.net","Taiwan","","","Data Communication Business Group","3462","24","121"
"128.204.145.224","ip128204145224.rev.hostingnetwork.at","Austria","","","interneX GmbH","44453","48.2048","16.3801"
"134.208.0.0","","Taiwan","Hualien","Hualien City","Taiwan Academic Network TANet Information Center","1659","23.9807","121.6115"
"139.175.0.0","","Taiwan","","","Digital United Inc.","4780","24","121"
"139.223.0.0","","Taiwan","","","TISNET Technology Inc.","7535","24","121"
"140.92.0.0","","Taiwan","","","Taiwan Academic Network TANet Information Center","1659","24","121"
"140.96.0.0","","Taiwan","","","Industrial Technology Research Institute","18422","24","121"
"140.109.0.0","","Taiwan","Taipei City","Taipei","Academia Sinica","9264","25.0504","121.5324"
"140.110.0.0","","Taiwan","","","National Center for High-performance Computing","7539","24","121"
"140.111.0.0","","Taiwan","New Taipei","New Taipei","Taiwan Academic Network TANet Information Center","1659","24.9466","121.586"
"140.112.0.0","","Taiwan","New Taipei","New Taipei","National Taiwan University","17716","24.9466","121.586"
"140.113.0.0","not-a-legal-address","Taiwan","","","National Chiao Tung University","9916","24","121"
"140.114.0.0","","Taiwan","Hsinchu","Hsinchu","National Tsing-Hua University","18047","24.8065","120.9706"
"140.115.0.0","","Taiwan","Taoyuan","Taoyuan District","National Central University","18420","24.9889","121.3176"
"140.116.0.0","","Taiwan","Tainan","Tainan City","National Cheng Kung University","18177","22.9917","120.2148"
"140.120.0.0","","Taiwan","","","Taiwan Academic Network TANet Information Center","1659","24","121"
"140.128.0.0","","Taiwan","","","Taiwan Academic Network TANet Information Center","1659","24","121"
"140.129.0.0","","Taiwan","","","Taiwan Academic Network TANet Information Center","1659","24","121"
"140.130.0.0","","Taiwan","","","National Chung Cheng University","17712","24","121"
"140.131.0.0","","Taiwan","","","National Taiwan University","17716","24","121"
"140.132.0.0","","Taiwan","","","Taiwan Academic Network TANet Information Center","1659","24","121"
"140.133.0.0","","Taiwan","","","National Cheng Kung University","18177","24","121"
"140.134.0.0","","Taiwan","","","Taiwan Academic Network TANet Information Center","1659","24","121"
"140.135.0.0","CYCU-NET.cycu.edu.tw","Taiwan","","","Taiwan Academic Network TANet Information Center","1659","24","121"
"140.136.0.0","","Taiwan","","","Taiwan Academic Network TANet Information Center","1659","24","121"
"140.138.0.0","","Taiwan","","","Taiwan Academic Network TANet Information Center","1659","24","121"
"150.107.56.0","","Taiwan","","","","","24","121"
"150.107.60.0","","Taiwan","","","SaveCom Internation Inc.","9676","24","121"
"150.107.64.0","","Taiwan","","","President Information Corp.","17710","24","121"
"150.116.0.0","","Taiwan","","","","","24","121"
"150.129.36.0","","Taiwan","","","DongFong Technology Co. Ltd.","18046","24","121"
"150.129.72.0","n72-h0.129.150.dynamic.da.net.tw","Taiwan","","","DaDa Broadband LTD.","18419","24","121"
"150.129.96.0","","Taiwan","","","","","24","121"
"150.129.228.0","","Taiwan","","","DaDa Broadband LTD.","18419","24","121"
"150.242.100.0","","Taiwan","","","HITRON TECHNOLOGY INC.","9311","24","121"
"159.8.4.144","90.04.089f.ip4.static.sl-reverse.com","Netherlands","North Holland","Amsterdam","SOFTLAYER","36351","52.3759","4.8975"
"159.8.67.160","a0.43.089f.ip4.static.sl-reverse.com","France","Seine-Saint-Denis","Clichy-sous-Bois","SOFTLAYER","36351","48.9114","2.5586"
"159.8.67.176","b0.43.089f.ip4.static.sl-reverse.com","France","Seine-Saint-Denis","Clichy-sous-Bois","SOFTLAYER","36351","48.9114","2.5586"
"159.8.83.160","a0.53.089f.ip4.static.sl-reverse.com","France","Seine-Saint-Denis","Clichy-sous-Bois","SOFTLAYER","36351","48.9114","2.5586"
"159.8.125.132","mta1125.heberjahiz.net","France","Seine-Saint-Denis","Clichy-sous-Bois","SOFTLAYER","36351","48.9114","2.5586"
"159.8.158.176","b0.9e.089f.ip4.static.sl-reverse.com","United Kingdom","England","London","SOFTLAYER","36351","51.5164","-0.093"
"159.8.254.96","60.fe.089f.ip4.static.sl-reverse.com","Netherlands","North Holland","Amsterdam","SOFTLAYER","36351","52.3759","4.8975"
"159.117.64.0","","Taiwan","Taipei City","Taipei","DongFong Technology Co. Ltd.","18046","25.0504","121.5324"
"159.253.135.128","80.87.fd9f.ip4.static.sl-reverse.com","Netherlands","North Holland","Amsterdam","SOFTLAYER","36351","52.3759","4.8975"
"159.253.142.64","40.8e.fd9f.ip4.static.sl-reverse.com","Netherlands","North Holland","Amsterdam","SOFTLAYER","36351","52.3759","4.8975"
"160.19.52.0","","Taiwan","","","","","24","121"
"161.202.15.192","c0.0f.caa1.ip4.static.sl-reverse.com","United States","","","SOFTLAYER","36351","37.751","-97.822"
"161.202.15.224","e0.0f.caa1.ip4.static.sl-reverse.com","United States","","","SOFTLAYER","36351","37.751","-97.822"
"161.202.15.228","e4.0f.caa1.ip4.static.sl-reverse.com","United States","","","SOFTLAYER","36351","37.751","-97.822"
"IP","Domain","Country","Region","City","ISP","ASN","Lat","Long"
"161.202.25.128","80.19.caa1.ip4.static.sl-reverse.com","United States","","","SOFTLAYER","36351","37.751","-97.822"
"161.202.26.208","d0.1a.caa1.ip4.static.sl-reverse.com","United States","","","SOFTLAYER","36351","37.751","-97.822"
"161.202.27.16","10.1b.caa1.ip4.static.sl-reverse.com","United States","","","SOFTLAYER","36351","37.751","-97.822"
"161.202.28.32","20.1c.caa1.ip4.static.sl-reverse.com","United States","","","SOFTLAYER","36351","37.751","-97.822"
"161.202.32.128","80.20.caa1.ip4.static.sl-reverse.com","United States","","","SOFTLAYER","36351","37.751","-97.822"
"161.202.33.96","60.21.caa1.ip4.static.sl-reverse.com","United States","","","SOFTLAYER","36351","37.751","-97.822"
"161.202.33.128","80.21.caa1.ip4.static.sl-reverse.com","United States","","","SOFTLAYER","36351","37.751","-97.822"
"161.202.34.24","18.22.caa1.ip4.static.sl-reverse.com","United States","","","SOFTLAYER","36351","37.751","-97.822"
"161.202.34.144","90.22.caa1.ip4.static.sl-reverse.com","United States","","","SOFTLAYER","36351","37.751","-97.822"
"161.202.35.192","c0.23.caa1.ip4.static.sl-reverse.com","United States","","","SOFTLAYER","36351","37.751","-97.822"
"161.202.36.0","0.24.caa1.ip4.static.sl-reverse.com","United States","","","SOFTLAYER","36351","37.751","-97.822"
"161.202.36.128","80.24.caa1.ip4.static.sl-reverse.com","United States","","","SOFTLAYER","36351","37.751","-97.822"
"161.202.36.168","a8.24.caa1.ip4.static.sl-reverse.com","United States","","","SOFTLAYER","36351","37.751","-97.822"
"161.202.37.72","48.25.caa1.ip4.static.sl-reverse.com","United States","","","SOFTLAYER","36351","37.751","-97.822"
"161.202.37.144","90.25.caa1.ip4.static.sl-reverse.com","United States","","","SOFTLAYER","36351","37.751","-97.822"
"161.202.41.80","50.29.caa1.ip4.static.sl-reverse.com","United States","","","SOFTLAYER","36351","37.751","-97.822"
"161.202.41.208","d0.29.caa1.ip4.static.sl-reverse.com","United States","","","SOFTLAYER","36351","37.751","-97.822"
"161.202.42.48","30.2a.caa1.ip4.static.sl-reverse.com","United States","","","SOFTLAYER","36351","37.751","-97.822"
"161.202.42.128","80.2a.caa1.ip4.static.sl-reverse.com","United States","","","SOFTLAYER","36351","37.751","-97.822"
"161.202.43.0","0.2b.caa1.ip4.static.sl-reverse.com","United States","","","SOFTLAYER","36351","37.751","-97.822"
"161.202.43.24","18.2b.caa1.ip4.static.sl-reverse.com","United States","","","SOFTLAYER","36351","37.751","-97.822"
"161.202.43.32","20.2b.caa1.ip4.static.sl-reverse.com","United States","","","SOFTLAYER","36351","37.751","-97.822"
"161.202.44.152","98.2c.caa1.ip4.static.sl-reverse.com","Hong Kong","Central and Western District","Central","SOFTLAYER","36351","22.2908","114.1501"
"161.202.65.0","0.41.caa1.ip4.static.sl-reverse.com","Japan","Tokyo","Tokyo","SOFTLAYER","36351","35.6893","139.6899"
"161.202.65.64","40.41.caa1.ip4.static.sl-reverse.com","Japan","Tokyo","Tokyo","SOFTLAYER","36351","35.6893","139.6899"
"161.202.65.68","g-dns.com","Japan","Tokyo","Tokyo","SOFTLAYER","36351","35.6893","139.6899"
"161.202.66.112","70.42.caa1.ip4.static.sl-reverse.com","Japan","Tokyo","Tokyo","SOFTLAYER","36351","35.6893","139.6899"
"161.202.66.160","a0.42.caa1.ip4.static.sl-reverse.com","Japan","Tokyo","Tokyo","SOFTLAYER","36351","35.6893","139.6899"
"161.202.67.144","90.43.caa1.ip4.static.sl-reverse.com","Japan","Tokyo","Tokyo","SOFTLAYER","36351","35.6893","139.6899"
"161.202.68.48","30.44.caa1.ip4.static.sl-reverse.com","Japan","Tokyo","Tokyo","SOFTLAYER","36351","35.6893","139.6899"
"161.202.69.32","20.45.caa1.ip4.static.sl-reverse.com","Japan","Tokyo","Tokyo","SOFTLAYER","36351","35.6893","139.6899"
"161.202.71.32","20.47.caa1.ip4.static.sl-reverse.com","Japan","Tokyo","Tokyo","SOFTLAYER","36351","35.6893","139.6899"
"161.202.77.144","90.4d.caa1.ip4.static.sl-reverse.com","Japan","Tokyo","Tokyo","SOFTLAYER","36351","35.6893","139.6899"
"161.202.79.128","80.4f.caa1.ip4.static.sl-reverse.com","Japan","Tokyo","Tokyo","SOFTLAYER","36351","35.6893","139.6899"
"161.202.82.112","70.52.caa1.ip4.static.sl-reverse.com","Japan","Tokyo","Tokyo","SOFTLAYER","36351","35.6893","139.6899"
"161.202.85.176","b0.55.caa1.ip4.static.sl-reverse.com","Japan","Tokyo","Tokyo","SOFTLAYER","36351","35.6893","139.6899"
"161.202.88.64","","Japan","Tokyo","Tokyo","SOFTLAYER","36351","35.6893","139.6899"
"161.202.90.32","20.5a.caa1.ip4.static.sl-reverse.com","Japan","Tokyo","Tokyo","SOFTLAYER","36351","35.6893","139.6899"
"161.202.91.80","50.5b.caa1.ip4.static.sl-reverse.com","Japan","Tokyo","Tokyo","SOFTLAYER","36351","35.6893","139.6899"
"161.202.96.224","e0.60.caa1.ip4.static.sl-reverse.com","Japan","Tokyo","Tokyo","SOFTLAYER","36351","35.6893","139.6899"
"161.202.100.176","b0.64.caa1.ip4.static.sl-reverse.com","Japan","Tokyo","Tokyo","SOFTLAYER","36351","35.6893","139.6899"
"161.202.101.48","30.65.caa1.ip4.static.sl-reverse.com","Japan","Tokyo","Tokyo","SOFTLAYER","36351","35.6893","139.6899"
"161.202.102.160","a0.66.caa1.ip4.static.sl-reverse.com","Japan","Tokyo","Tokyo","SOFTLAYER","36351","35.6893","139.6899"
"161.202.103.224","e0.67.caa1.ip4.static.sl-reverse.com","Japan","Tokyo","Tokyo","SOFTLAYER","36351","35.6893","139.6899"
"161.202.104.0","0.68.caa1.ip4.static.sl-reverse.com","Japan","Tokyo","Tokyo","SOFTLAYER","36351","35.6893","139.6899"
"161.202.105.160","a0.69.caa1.ip4.static.sl-reverse.com","Japan","Tokyo","Tokyo","SOFTLAYER","36351","35.6893","139.6899"
"161.202.109.160","a0.6d.caa1.ip4.static.sl-reverse.com","Japan","Tokyo","Tokyo","SOFTLAYER","36351","35.6893","139.6899"
"161.202.113.80","50.71.caa1.ip4.static.sl-reverse.com","Japan","Tokyo","Tokyo","SOFTLAYER","36351","35.6893","139.6899"
"161.202.114.48","30.72.caa1.ip4.static.sl-reverse.com","Japan","Tokyo","Tokyo","SOFTLAYER","36351","35.6893","139.6899"
"161.202.114.192","c0.72.caa1.ip4.static.sl-reverse.com","Japan","Tokyo","Tokyo","SOFTLAYER","36351","35.6893","139.6899"
"161.202.126.48","30.7e.caa1.ip4.static.sl-reverse.com","Japan","Tokyo","Tokyo","SOFTLAYER","36351","35.6893","139.6899"
"161.202.129.128","80.81.caa1.ip4.static.sl-reverse.com","Japan","Tokyo","Tokyo","SOFTLAYER","36351","35.6893","139.6899"
"161.202.130.224","e0.82.caa1.ip4.static.sl-reverse.com","Japan","Tokyo","Tokyo","SOFTLAYER","36351","35.6893","139.6899"
"161.202.135.48","30.87.caa1.ip4.static.sl-reverse.com","Japan","Tokyo","Tokyo","SOFTLAYER","36351","35.6893","139.6899"
"161.202.139.192","c0.8b.caa1.ip4.static.sl-reverse.com","Japan","Tokyo","Tokyo","SOFTLAYER","36351","35.6893","139.6899"
"161.202.140.224","e0.8c.caa1.ip4.static.sl-reverse.com","Japan","Tokyo","Tokyo","SOFTLAYER","36351","35.6893","139.6899"
"161.202.141.176","b0.8d.caa1.ip4.static.sl-reverse.com","Japan","Tokyo","Tokyo","SOFTLAYER","36351","35.6893","139.6899"
"161.202.148.240","f0.94.caa1.ip4.static.sl-reverse.com","Japan","Tokyo","Tokyo","SOFTLAYER","36351","35.6893","139.6899"
"161.202.151.96","60.97.caa1.ip4.static.sl-reverse.com","Japan","Tokyo","Tokyo","SOFTLAYER","36351","35.6893","139.6899"
"161.202.154.144","90.9a.caa1.ip4.static.sl-reverse.com","Japan","Tokyo","Tokyo","SOFTLAYER","36351","35.6893","139.6899"
"161.202.154.176","b0.9a.caa1.ip4.static.sl-reverse.com","Japan","Tokyo","Tokyo","SOFTLAYER","36351","35.6893","139.6899"
"161.202.155.112","70.9b.caa1.ip4.static.sl-reverse.com","Japan","Tokyo","Tokyo","SOFTLAYER","36351","35.6893","139.6899"
"161.202.162.112","70.a2.caa1.ip4.static.sl-reverse.com","Japan","Tokyo","Tokyo","SOFTLAYER","36351","35.6893","139.6899"
"161.202.167.32","20.a7.caa1.ip4.static.sl-reverse.com","Japan","Tokyo","Tokyo","SOFTLAYER","36351","35.6893","139.6899"
"161.202.173.32","20.ad.caa1.ip4.static.sl-reverse.com","Japan","Tokyo","Tokyo","SOFTLAYER","36351","35.6893","139.6899"
"161.202.182.224","e0.b6.caa1.ip4.static.sl-reverse.com","Japan","Tokyo","Tokyo","SOFTLAYER","36351","35.6893","139.6899"
"161.202.187.192","c0.bb.caa1.ip4.static.sl-reverse.com","Japan","Tokyo","Tokyo","SOFTLAYER","36351","35.6893","139.6899"
"163.13.0.0","","Taiwan","Taipei City","Taipei","Taiwan Academic Network TANet Information Center","1659","25.0504","121.5324"
"163.14.0.0","","Taiwan","","","Taiwan Academic Network TANet Information Center","1659","24","121"
"163.16.0.0","","Taiwan","","","National Sun Yat-sen University","17713","24","121"
"163.32.0.0","","Taiwan","","","Taiwan Academic Network TANet Information Center","1659","24","121"
"165.225.102.0","","Taiwan","Taipei City","Taipei","ZSCALER-INC","53813","25.0504","121.5324"
"168.1.5.64","40.05.01a8.ip4.static.sl-reverse.com","Australia","New South Wales","Sydney","SOFTLAYER","36351","-33.8715","151.2006"
"168.1.13.240","f0.0d.01a8.ip4.static.sl-reverse.com","Australia","New South Wales","Sydney","SOFTLAYER","36351","-33.8715","151.2006"
"168.1.20.224","e0.14.01a8.ip4.static.sl-reverse.com","Australia","New South Wales","Sydney","SOFTLAYER","36351","-33.8715","151.2006"
"168.1.21.144","90.15.01a8.ip4.static.sl-reverse.com","Australia","New South Wales","Sydney","SOFTLAYER","36351","-33.8715","151.2006"
"168.1.67.148","94.43.01a8.ip4.static.sl-reverse.com","Australia","Victoria","Melbourne","SOFTLAYER","36351","-37.8159","144.9669"
"168.1.70.128","80.46.01a8.ip4.static.sl-reverse.com","Australia","Victoria","Melbourne","SOFTLAYER","36351","-37.8159","144.9669"
"168.1.79.64","40.4f.01a8.ip4.static.sl-reverse.com","Australia","Victoria","Melbourne","SOFTLAYER","36351","-37.8159","144.9669"
"168.95.0.0","168-95-0-0.hinet-ip.hinet.net","Taiwan","","","Data Communication Business Group","3462","24","121"
"169.53.10.80","50.0a.35a9.ip4.static.sl-reverse.com","United States","Texas","Dallas","SOFTLAYER","36351","32.7767","-96.805"
"169.53.50.32","20.32.35a9.ip4.static.sl-reverse.com","United States","Texas","Dallas","SOFTLAYER","36351","32.7767","-96.805"
"169.53.128.64","40.80.35a9.ip4.static.sl-reverse.com","United States","","","SOFTLAYER","36351","37.751","-97.822"
"169.53.130.48","30.82.35a9.ip4.static.sl-reverse.com","United States","","","SOFTLAYER","36351","37.751","-97.822"
"169.53.141.144","90.8d.35a9.ip4.static.sl-reverse.com","United States","","","SOFTLAYER","36351","37.751","-97.822"
"169.53.146.192","c0.92.35a9.ip4.static.sl-reverse.com","United States","","","SOFTLAYER","36351","37.751","-97.822"
"169.53.159.32","20.9f.35a9.ip4.static.sl-reverse.com","United States","","","SOFTLAYER","36351","37.751","-97.822"
"169.54.42.176","b0.2a.36a9.ip4.static.sl-reverse.com","United States","","","SOFTLAYER","36351","37.751","-97.822"
"169.54.76.0","0.4c.36a9.ip4.static.sl-reverse.com","Canada","Quebec","Montreal","SOFTLAYER","36351","45.4995","-73.5848"
"169.54.139.64","40.8b.36a9.ip4.static.sl-reverse.com","United States","","","SOFTLAYER","36351","37.751","-97.822"
"169.54.141.192","c0.8d.36a9.ip4.static.sl-reverse.com","United States","","","SOFTLAYER","36351","37.751","-97.822"
"169.54.175.96","60.af.36a9.ip4.static.sl-reverse.com","United States","","","SOFTLAYER","36351","37.751","-97.822"
"169.54.184.224","e0.b8.36a9.ip4.static.sl-reverse.com","United States","","","SOFTLAYER","36351","37.751","-97.822"
"169.54.206.224","e0.ce.36a9.ip4.static.sl-reverse.com","United States","","","SOFTLAYER","36351","37.751","-97.822"
"169.54.221.32","20.dd.36a9.ip4.static.sl-reverse.com","United States","","","SOFTLAYER","36351","37.751","-97.822"
"169.55.41.80","50.29.37a9.ip4.static.sl-reverse.com","United States","","","SOFTLAYER","36351","37.751","-97.822"
"169.55.68.80","50.44.37a9.ip4.static.sl-reverse.com","United States","Virginia","Ashburn","SOFTLAYER","36351","39.018","-77.539"
"169.55.92.48","30.5c.37a9.ip4.static.sl-reverse.com","United States","Virginia","Ashburn","SOFTLAYER","36351","39.018","-77.539"
"169.55.233.96","60.e9.37a9.ip4.static.sl-reverse.com","United States","","","SOFTLAYER","36351","37.751","-97.822"
"169.57.6.64","40.06.39a9.ip4.static.sl-reverse.com","Mexico","Mexico City","Mexico City","SOFTLAYER","36351","19.4326","-99.1332"
"IP","Domain","Country","Region","City","ISP","ASN","Lat","Long"
"175.41.48.0","175-41-48-0.twgate-ip.twgate.net","Taiwan","","","Taiwan Internet Gateway","9505","24","121"
"175.96.0.0","175-96-0-0.dynamic.tfn.net.tw","Taiwan","","","Taiwan Fixed Network, Telco and Network Service Provider.","9924","24","121"
"175.111.32.0","","Taiwan","Taichung City","Taichung","Taiwan Infrastructure Network Technologie","18049","24.144","120.6844"
"175.111.192.0","175-111-192-0.twgate-ip.twgate.net","Taiwan","","","Taiwan Internet Gateway","10126","24","121"
"175.180.0.0","175-180-0-0.adsl.dynamic.seed.net.tw","Taiwan","","","Digital United Inc.","4780","24","121"
"175.184.240.0","","Taiwan","","","Chinatrust Commercial Bank","131143","24","121"
"176.67.81.240","240.81.67.176.client.static.strong-am6.strongtechnology.net","Netherlands","North Holland","Amsterdam","STACKPATH","33438","52.3809","4.9022"
"180.92.0.0","","Taiwan","","","Taiwan Fixed Network, Telco and Network Service Provider.","9924","24","121"
"180.176.0.0","180-176-0-0.dynamic.kbronet.com.tw","Taiwan","Taipei City","Taipei","kbro CO. Ltd.","38841","25.0504","121.5324"
"180.204.0.0","","Taiwan","","","","","24","121"
"180.214.176.0","n176-h0.214.180.dynamic.da.net.tw","Taiwan","New Taipei","New Taipei","DaDa Broadband LTD.","18419","24.9466","121.586"
"180.217.0.0","","Taiwan","New Taipei","New Taipei","Taiwan Star Telecom Corporation Limited.Former Vibo Telecom Inc.","24157","24.9466","121.586"
"180.218.0.0","180-218-0-0.dynamic.twmbroadband.net","Taiwan","New Taipei","New Taipei","UNION BROADBAND NETWORK","24164","24.9466","121.586"
"182.54.136.0","","Taiwan","","","","","24","121"
"182.155.0.0","182-155-0-0.veetime.com","Taiwan","Taichung City","Taichung City","VEE TIME CORP.","17809","24.1547","120.6716"
"182.173.0.0","","Taiwan","","","Zhendong Information","131644","24","121"
"182.233.0.0","host-0.0-233-182.cable.dynamic.kbtelecom.net","Taiwan","Yunlin","Bunan","Hoshin Multimedia Center Inc.","9416","23.5981","120.1882"
"182.234.0.0","host-0.0-234-182.cable.dynamic.kbtelecom.net","Taiwan","","","Hoshin Multimedia Center Inc.","9416","24","121"
"185.167.12.0","","Taiwan","","","loongaming","131651","24","121"
"192.72.3.0","h0-192-72-3.seed.net.tw","Taiwan","","","","","24","121"
"192.72.4.0","h0-192-72-4.seed.net.tw","Taiwan","","","Digital United Inc.","4780","24","121"
"192.72.5.0","","Taiwan","","","Digital United Inc.","4780","24","121"
"192.72.6.0","","Taiwan","","","Digital United Inc.","4780","24","121"
"192.72.7.0","","Taiwan","","","Digital United Inc.","4780","24","121"
"192.72.8.0","h0-192-72-8.seed.net.tw","Taiwan","","","Digital United Inc.","4780","24","121"
"192.72.9.0","h0-192-72-9.seed.net.tw","Taiwan","","","Digital United Inc.","4780","24","121"
"192.72.10.0","h0-192-72-10.seed.net.tw","Taiwan","","","Digital United Inc.","4780","24","121"
"192.72.11.0","h0-192-72-11.seed.net.tw","Taiwan","","","Digital United Inc.","4780","24","121"
"192.72.12.0","h0-192-72-12.seed.net.tw","Taiwan","","","Digital United Inc.","4780","24","121"
"192.72.13.0","h0-192-72-13.seed.net.tw","Taiwan","","","Digital United Inc.","4780","24","121"
"192.72.14.0","h0-192-72-14.seed.net.tw","Taiwan","","","Digital United Inc.","4780","24","121"
"192.72.15.0","h0-192-72-15.seed.net.tw","Taiwan","","","Digital United Inc.","4780","24","121"
"192.72.16.0","h0-192-72-16.seed.net.tw","Taiwan","","","Digital United Inc.","4780","24","121"
"192.72.17.0","h0-192-72-17.seed.net.tw","Taiwan","","","Digital United Inc.","4780","24","121"
"192.72.18.0","h0-192-72-18.seed.net.tw","Taiwan","","","Digital United Inc.","4780","24","121"
"192.72.19.0","h0-192-72-19.seed.net.tw","Taiwan","","","Digital United Inc.","4780","24","121"
"192.72.20.0","h0-192-72-20.seed.net.tw","Taiwan","","","Digital United Inc.","4780","24","121"
"192.72.21.0","h0-192-72-21.seed.net.tw","Taiwan","","","Digital United Inc.","4780","24","121"
"192.72.22.0","h0-192-72-22.seed.net.tw","Taiwan","","","Digital United Inc.","4780","24","121"
"192.72.23.0","h0-192-72-23.seed.net.tw","Taiwan","","","Digital United Inc.","4780","24","121"
"192.72.24.0","h0-192-72-24.seed.net.tw","Taiwan","","","Digital United Inc.","4780","24","121"
"192.72.25.0","h0-192-72-25.seed.net.tw","Taiwan","","","Digital United Inc.","4780","24","121"
"192.72.26.0","h0-192-72-26.seed.net.tw","Taiwan","","","Digital United Inc.","4780","24","121"
"192.72.27.0","h0-192-72-27.seed.net.tw","Taiwan","","","Digital United Inc.","4780","24","121"
"192.72.28.0","","Taiwan","","","Digital United Inc.","4780","24","121"
"192.72.29.0","h0-192-72-29.seed.net.tw","Taiwan","","","Digital United Inc.","4780","24","121"
"192.72.30.0","","Taiwan","","","Digital United Inc.","4780","24","121"
"192.72.31.0","","Taiwan","","","Digital United Inc.","4780","24","121"
"192.72.32.0","h0-192-72-32.seed.net.tw","Taiwan","","","Digital United Inc.","4780","24","121"
"192.72.33.0","h0-192-72-33.seed.net.tw","Taiwan","","","Digital United Inc.","4780","24","121"
"192.72.34.0","h0-192-72-34.seed.net.tw","Taiwan","","","Digital United Inc.","4780","24","121"
"192.72.36.0","","Taiwan","","","Digital United Inc.","4780","24","121"
"192.72.40.0","h0-192-72-40.seed.net.tw","Taiwan","","","Digital United Inc.","4780","24","121"
"192.72.48.0","h0-192-72-48.seed.net.tw","Taiwan","","","Digital United Inc.","4780","24","121"
"192.72.64.0","sj64-0.dialup.seed.net.tw","Taiwan","","","Digital United Inc.","4780","24","121"
"192.72.128.0","h0-192-72-128.seed.net.tw","Taiwan","","","Digital United Inc.","4780","24","121"
"192.72.132.0","h0-192-72-132.seed.net.tw","Taiwan","","","Digital United Inc.","4780","24","121"
"192.72.133.0","h0-192-72-133.seed.net.tw","Taiwan","","","Digital United Inc.","4780","24","121"
"192.72.134.0","h0-192-72-134.seed.net.tw","Taiwan","","","Digital United Inc.","4780","24","121"
"192.72.136.0","","Taiwan","","","Digital United Inc.","4780","24","121"
"192.72.144.0","","Taiwan","","","Digital United Inc.","4780","24","121"
"192.72.160.0","h0-192-72-160.seed.net.tw","Taiwan","","","Digital United Inc.","4780","24","121"
"192.72.192.0","","Taiwan","","","Digital United Inc.","4780","24","121"
"192.72.224.0","","Taiwan","","","Digital United Inc.","4780","24","121"
"192.72.240.0","","Taiwan","","","Digital United Inc.","4780","24","121"
"192.72.248.0","","Taiwan","","","Digital United Inc.","4780","24","121"
"192.72.252.0","","Taiwan","","","","","24","121"
"192.83.166.0","","Taiwan","","","Taiwan Academic Network TANet Information Center","1659","24","121"
"192.83.167.0","","Taiwan","","","Taiwan Academic Network TANet Information Center","1659","24","121"
"192.83.168.0","","Taiwan","","","Taiwan Academic Network TANet Information Center","1659","24","121"
"192.83.169.0","","Taiwan","","","Taiwan Academic Network TANet Information Center","1659","24","121"
"192.83.170.0","","Taiwan","","","Taiwan Academic Network TANet Information Center","1659","24","121"
"192.83.171.0","","Taiwan","","","Taiwan Academic Network TANet Information Center","1659","24","121"
"192.83.172.0","","Taiwan","","","Taiwan Academic Network TANet Information Center","1659","24","121"
"192.83.173.0","","Taiwan","","","Taiwan Academic Network TANet Information Center","1659","24","121"
"192.83.174.0","","Taiwan","","","Taiwan Academic Network TANet Information Center","1659","24","121"
"192.83.175.0","","Taiwan","","","Taiwan Academic Network TANet Information Center","1659","24","121"
"192.83.176.0","","Taiwan","","","Taiwan Academic Network TANet Information Center","1659","24","121"
"192.83.177.0","","Taiwan","","","Taiwan Academic Network TANet Information Center","1659","24","121"
"192.83.178.0","","Taiwan","","","Taiwan Academic Network TANet Information Center","1659","24","121"
"192.83.179.0","","Taiwan","","","National Chiao Tung University","9916","24","121"
"192.83.180.0","","Taiwan","","","National Chiao Tung University","9916","24","121"
"192.83.181.0","","Taiwan","","","Taiwan Academic Network TANet Information Center","1659","24","121"
"192.83.182.0","","Taiwan","","","National Cheng Kung University","18177","24","121"
"192.83.184.0","","Taiwan","","","Taiwan Academic Network TANet Information Center","1659","24","121"
"192.83.185.0","","Taiwan","","","Taiwan Academic Network TANet Information Center","1659","24","121"
"192.83.186.0","","Taiwan","","","Taiwan Academic Network TANet Information Center","1659","24","121"
"192.83.187.0","","Taiwan","","","Taiwan Academic Network TANet Information Center","1659","24","121"
"192.83.188.0","","Taiwan","","","Taiwan Academic Network TANet Information Center","1659","24","121"
"192.83.189.0","","Taiwan","","","Taiwan Academic Network TANet Information Center","1659","24","121"
"192.83.190.0","","Taiwan","","","Taiwan Academic Network TANet Information Center","1659","24","121"
"192.83.191.0","","Taiwan","","","National Sun Yat-sen University","17713","24","121"
"192.83.192.0","","Taiwan","","","Taiwan Academic Network TANet Information Center","1659","24","121"
"192.83.193.0","","Taiwan","","","Taiwan Academic Network TANet Information Center","1659","24","121"
"192.83.194.0","","Taiwan","","","National Sun Yat-sen University","17713","24","121"
"192.83.196.0","","Taiwan","","","Taiwan Academic Network TANet Information Center","1659","24","121"
"192.95.3.164","ip164.ip-192-95-3.net","Canada","Quebec","Montreal","OVH SAS","16276","45.5063","-73.5794"
"192.95.49.160","ip160.ip-192-95-49.net","Canada","Quebec","Montreal","OVH SAS","16276","45.5063","-73.5794"
"192.95.62.232","","Canada","Quebec","Montreal","OVH SAS","16276","45.5063","-73.5794"
"192.95.63.136","","Canada","Quebec","Montreal","OVH SAS","16276","45.5063","-73.5794"
"IP","Domain","Country","Region","City","ISP","ASN","Lat","Long"
"192.188.171.0","","Taiwan","","","","","24","121"
"192.192.0.0","","Taiwan","New Taipei","New Taipei","Taiwan Academic Network TANet Information Center","1659","24.9466","121.586"
"192.192.128.0","","Taiwan","","","Taiwan Academic Network TANet Information Center","1659","24","121"
"192.192.160.0","","Taiwan","","","Taiwan Academic Network TANet Information Center","1659","24","121"
"192.192.164.0","","Taiwan","","","Taiwan Academic Network TANet Information Center","1659","24","121"
"192.192.165.0","","Taiwan","","","Taiwan Academic Network TANet Information Center","1659","24","121"
"192.192.166.0","","Taiwan","","","Taiwan Academic Network TANet Information Center","1659","24","121"
"192.192.168.0","","Taiwan","","","Taiwan Academic Network TANet Information Center","1659","24","121"
"192.192.176.0","","Taiwan","","","Taiwan Academic Network TANet Information Center","1659","24","121"
"192.192.192.0","","Taiwan","","","National Sun Yat-sen University","17713","24","121"
"192.253.254.128","","Taiwan","","","","","24","121"
"193.42.40.0","193-42-40-0.idc-ip.as134823.net","Taiwan","","","Sky Digital Co., Ltd.","134823","24","121"
"193.149.158.0","","Taiwan","","","","","24","121"
"193.149.166.0","","Taiwan","","","","","24","121"
"195.80.148.0","","Taiwan","Taipei City","Taipei","EstNOC OY","206804","25.0504","121.5324"
"198.27.102.184","ip184.ip-198-27-102.net","Canada","Quebec","Montreal","OVH SAS","16276","45.5542","-73.6117"
"198.27.106.204","ip204.ip-198-27-106.net","Canada","Quebec","Montreal","OVH SAS","16276","45.5542","-73.6117"
"198.27.110.56","","Canada","Quebec","Montreal","OVH SAS","16276","45.5542","-73.6117"
"198.27.111.152","ip152.ip-198-27-111.net","Canada","Quebec","Montreal","OVH SAS","16276","45.5542","-73.6117"
"202.2.52.0","202-2-52-host0.kbtelecom.net","Taiwan","Taipei City","Taipei","Hoshin Multimedia Center Inc.","9416","25.0504","121.5324"
"202.3.160.0","","Taiwan","","","AboveNet Communications Taiwan","17408","24","121"
"202.5.4.0","","Taiwan","","","GETOP Automatic System Inc.","18043","24","121"
"202.5.8.0","","Taiwan","","","","","24","121"
"202.5.12.0","","Taiwan","","","National Center for Research on Earthquake Engineering","18183","24","121"
"202.5.224.0","","Taiwan","","","Digidom CableTV Co., LTD.","131607","24","121"
"202.6.104.0","","Taiwan","","","Taishin International Bank","18421","24","121"
"202.8.14.0","","Taiwan","","","Taiwan Fixed Network, Telco and Network Service Provider.","9924","24","121"
"202.12.76.0","202-12-76-0.static.ip.net.tw","Taiwan","","","Yuan-Jhen Info., Co., Ltd","131149","24","121"
"202.39.0.0","202-39-0-0.hinet-ip.hinet.net","Taiwan","Taipei City","Taipei","Data Communication Business Group","3462","25.0504","121.5324"
"202.41.146.0","","Taiwan","","","","","24","121"
"202.55.224.0","","Taiwan","Taipei City","Taipei","AboveNet Communications Taiwan","17408","25.0504","121.5324"
"202.59.250.0","","Taiwan","","","TWIDC","55789","24","121"
"202.80.104.0","","Taiwan","","","DigiCentre Company Limited","7532","24","121"
"202.123.124.0","","Taiwan","","","New Changhua Digital Cable TV CO,.Ltd","131597","24","121"
"202.126.64.0","","Taiwan","","","Data Communication Business Group","3462","24","121"
"202.132.0.0","0.0.132.202.adsl.static.ttn.net","Taiwan","","","Taiwan Fixed Network, Telco and Network Service Provider.","9924","24","121"
"202.133.224.0","","Taiwan","","","AboveNet Communications Taiwan","17408","24","121"
"202.140.160.0","","Taiwan","","","Academia Sinica Grid Computing Center","24167","24","121"
"202.144.208.0","","Taiwan","New Taipei","New Taipei","Taiwan Star Telecom Corporation Limited.Former Vibo Telecom Inc.","24157","24.9466","121.586"
"202.145.32.0","","Taiwan","","","Taiwan Fixed Network, Telco and Network Service Provider.","9924","24","121"
"202.145.64.0","0.64.145.202.adsl.static.ttn.net","Taiwan","","","Taiwan Fixed Network, Telco and Network Service Provider.","9924","24","121"
"202.145.128.0","","Taiwan","","","Taiwan Fixed Network, Telco and Network Service Provider.","9924","24","121"
"202.145.192.0","","Taiwan","","","Taiwan Fixed Network, Telco and Network Service Provider.","9924","24","121"
"202.145.224.0","","Taiwan","","","Taiwan Fixed Network, Telco and Network Service Provider.","9924","24","121"
"202.148.208.0","202-148-208-0.pchome.com.tw","Taiwan","","","","","24","121"
"202.151.48.0","","Taiwan","Kaohsiung","Kaohsiung City","Hoshin Multimedia Center Inc.","9416","22.6148","120.3139"
"202.153.4.0","202-153-4-0.idc-ip.as134823.net","Taiwan","","","Sky Digital Co., Ltd.","134823","24","121"
"202.153.160.0","","Taiwan","","","AboveNet Communications Taiwan","17408","24","121"
"202.153.192.0","","Taiwan","","","","","24","121"
"202.154.192.0","","Taiwan","","","PUNET Taiwan","9216","24","121"
"202.160.64.0","","Taiwan","","","","","24","121"
"202.165.128.0","","Taiwan","","","Singapore Telecommunications Ltd","7473","24","121"
"202.165.144.0","","Taiwan","","","Singapore Telecommunications Ltd","7473","24","121"
"202.168.192.0","","Taiwan","","","EASPNET Inc.","10135","24","121"
"202.169.160.0","","Taiwan","","","Academia Sinica","9264","24","121"
"202.173.32.0","","Taiwan","","","Trade-Van Informaiton Services Co.","9671","24","121"
"202.174.4.0","unknown.yahoo.com","Taiwan","Taipei City","Taipei","Internet Content Provider","10229","25.0504","121.5324"
"202.174.16.0","","Taiwan","","","","","24","121"
"202.178.128.0","","Taiwan","","","Asia Pacific Telecom","17709","24","121"
"202.178.192.0","","Taiwan","","","Asia Pacific Telecom","17709","24","121"
"202.178.224.0","","Taiwan","","","Asia Pacific Telecom","17709","24","121"
"203.15.150.0","","Taiwan","Taichung City","Taichung","","","24.144","120.6844"
"203.55.118.0","","Taiwan","","","","","24","121"
"203.64.0.0","","Taiwan","Taichung City","Taichung","National Taiwan University","17716","24.144","120.6844"
"203.68.0.0","","Taiwan","","","National Sun Yat-sen University","17713","24","121"
"203.72.0.0","","Taiwan","","","Taiwan Academic Network TANet Information Center","1659","24","121"
"203.77.0.0","","Taiwan","","","GCNet Reach & Range Inc.","4662","24","121"
"203.77.4.0","","Taiwan","","","GCNet Reach & Range Inc.","4662","24","121"
"203.77.8.0","","Taiwan","","","GCNet Reach & Range Inc.","4662","24","121"
"203.77.16.0","","Taiwan","","","GCNet Reach & Range Inc.","4662","24","121"
"203.77.32.0","","Taiwan","New Taipei","New Taipei","GCNet Reach & Range Inc.","4662","24.9466","121.586"
"203.77.48.0","","Taiwan","New Taipei","New Taipei","GCNet Reach & Range Inc.","4662","24.9466","121.586"
"203.77.64.0","","Taiwan","New Taipei","New Taipei","GCNet Reach & Range Inc.","4662","24.9466","121.586"
"203.77.96.0","","Taiwan","","","GCNet Reach & Range Inc.","4662","24","121"
"203.78.0.0","","Taiwan","","","","","24","121"
"203.78.176.0","203-78-176-0.twgate-ip.twgate.net","Taiwan","","","Taiwan Internet Gateway","9505","24","121"
"203.79.128.0","","Taiwan","","","Asia Pacific On-line Service Inc.","7482","24","121"
"203.79.192.0","","Taiwan","","","Asia Pacific On-line Service Inc.","7482","24","121"
"203.79.224.0","","Taiwan","","","HITRON TECHNOLOGY INC.","9311","24","121"
"203.80.169.0","","Taiwan","","","","","24","121"
"203.84.144.0","","Taiwan","","","","","24","121"
"203.91.0.0","","Taiwan","","","","","24","121"
"203.105.224.0","","Taiwan","","","Taiwan Mobile Co., Ltd.","24158","24","121"
"203.111.208.0","","Taiwan","Taipei City","Taipei","SaveCom Internation Inc.","9676","25.0504","121.5324"
"203.118.224.0","","Taiwan","","","Hoshin Multimedia Center Inc.","9416","24","121"
"203.119.3.0","","Taiwan","","","AboveNet Communications Taiwan","17408","24","121"
"203.119.94.0","","Taiwan","","","HITRON TECHNOLOGY INC.","9311","24","121"
"203.121.224.0","n224-h0.121.203.dynamic.da.net.tw","Taiwan","New Taipei","New Taipei","DaDa Broadband LTD.","18419","24.9466","121.586"
"203.121.240.0","n240-h0.121.203.dynamic.da.net.tw","Taiwan","New Taipei","New Taipei","DaDa Broadband LTD.","18419","24.9466","121.586"
"203.133.0.0","","Taiwan","","","Hoshin Multimedia Center Inc.","9416","24","121"
"203.133.32.0","host-203-133-32-0.static.kbtelecom.net","Taiwan","","","Hoshin Multimedia Center Inc.","9416","24","121"
"203.133.64.0","host-203-133-64-0.ip.kbtelecom.net","Taiwan","","","Hoshin Multimedia Center Inc.","9416","24","121"
"203.133.96.0","host-203-133-96-0.ip.kbtelecom.net","Taiwan","","","Hoshin Multimedia Center Inc.","9416","24","121"
"203.135.64.0","","Taiwan","","","PUNET Taiwan","9216","24","121"
"203.145.192.0","","Taiwan","","","National Applied Research Laboratories","18426","24","121"
"203.145.208.0","","Taiwan","Taichung City","Taichung","National Center for High-performance Computing","7539","24.144","120.6844"
"203.148.92.0","","Taiwan","","","Telstra Global","4637","24","121"
"203.160.144.0","203-160-144-0.hinet-ip.hinet.net","Taiwan","","","Chi Mei Corporation","24160","24","121"
"203.160.224.0","203-160-224-0.twgate-ip.twgate.net","Taiwan","","","Taiwan Internet Gateway","9505","24","121"
"203.163.192.0","","Taiwan","","","AboveNet Communications Taiwan","17408","24","121"
